,,Number of deaths,,
,,Measles,,
,,0-27 days,1-59 months,0-4 years
Afghanistan,2015,0,978,978
Afghanistan,2014,0,536,536
Afghanistan,2013,0,249,249
Afghanistan,2012,0,3554,3554
Afghanistan,2011,0,3744,3744
Afghanistan,2010,0,3262,3262
Afghanistan,2009,0,4416,4416
Afghanistan,2008,0,1828,1828
Afghanistan,2007,0,1491,1491
Afghanistan,2006,0,3440,3440
Afghanistan,2005,0,2003,2003
Afghanistan,2004,0,334,334
Afghanistan,2003,0,215,215
Afghanistan,2002,0,7173,7173
Afghanistan,2001,0,14519,14519
Afghanistan,2000,0,10874,10874
Albania,2015,0,0,0
Albania,2014,0,0,0
Albania,2013,0,1,1
Albania,2012,0,1,1
Albania,2011,0,2,2
Albania,2010,0,0,0
Albania,2009,0,1,1
Albania,2008,0,1,1
Albania,2007,0,0,0
Albania,2006,0,0,0
Albania,2005,0,0,0
Albania,2004,0,0,0
Albania,2003,0,0,0
Albania,2002,0,0,0
Albania,2001,0,0,0
Albania,2000,0,2,2
Algeria,2015,0,26,26
Algeria,2014,0,58,58
Algeria,2013,0,91,91
Algeria,2012,0,80,80
Algeria,2011,0,76,76
Algeria,2010,0,67,67
Algeria,2009,0,58,58
Algeria,2008,0,50,50
Algeria,2007,0,40,40
Algeria,2006,0,39,39
Algeria,2005,0,30,30
Algeria,2004,0,38,38
Algeria,2003,0,2495,2495
Algeria,2002,0,1420,1420
Algeria,2001,0,1313,1313
Algeria,2000,0,1147,1147
Andorra,2015,0,0,0
Andorra,2014,0,0,0
Andorra,2013,0,0,0
Andorra,2012,0,0,0
Andorra,2011,0,0,0
Andorra,2010,0,0,0
Andorra,2009,0,0,0
Andorra,2008,0,0,0
Andorra,2007,0,0,0
Andorra,2006,0,0,0
Andorra,2005,0,0,0
Andorra,2004,0,0,0
Andorra,2003,0,0,0
Andorra,2002,0,0,0
Andorra,2001,0,0,0
Andorra,2000,0,0,0
Angola,2015,0,445,445
Angola,2014,0,3524,3524
Angola,2013,0,2600,2600
Angola,2012,0,1145,1145
Angola,2011,0,490,490
Angola,2010,0,324,324
Angola,2009,0,933,933
Angola,2008,0,263,263
Angola,2007,0,170,170
Angola,2006,0,679,679
Angola,2005,0,272,272
Angola,2004,0,23,23
Angola,2003,0,1751,1751
Angola,2002,0,4951,4951
Angola,2001,0,3827,3827
Angola,2000,0,1283,1283
Antigua and Barbuda,2015,0,0,0
Antigua and Barbuda,2014,0,0,0
Antigua and Barbuda,2013,0,0,0
Antigua and Barbuda,2012,0,0,0
Antigua and Barbuda,2011,0,0,0
Antigua and Barbuda,2010,0,0,0
Antigua and Barbuda,2009,0,0,0
Antigua and Barbuda,2008,0,0,0
Antigua and Barbuda,2007,0,0,0
Antigua and Barbuda,2006,0,0,0
Antigua and Barbuda,2005,0,0,0
Antigua and Barbuda,2004,0,0,0
Antigua and Barbuda,2003,0,0,0
Antigua and Barbuda,2002,0,0,0
Antigua and Barbuda,2001,0,0,0
Antigua and Barbuda,2000,0,0,0
Argentina,2015,0,0,0
Argentina,2014,0,0,0
Argentina,2013,0,0,0
Argentina,2012,0,0,0
Argentina,2011,0,0,0
Argentina,2010,0,0,0
Argentina,2009,0,0,0
Argentina,2008,0,0,0
Argentina,2007,0,0,0
Argentina,2006,0,0,0
Argentina,2005,0,0,0
Argentina,2004,0,0,0
Argentina,2003,0,0,0
Argentina,2002,0,0,0
Argentina,2001,0,0,0
Argentina,2000,0,0,0
Armenia,2015,0,0,0
Armenia,2014,0,0,0
Armenia,2013,0,0,0
Armenia,2012,0,0,0
Armenia,2011,0,0,0
Armenia,2010,0,0,0
Armenia,2009,0,0,0
Armenia,2008,0,0,0
Armenia,2007,0,1,1
Armenia,2006,0,1,1
Armenia,2005,0,1,1
Armenia,2004,0,1,1
Armenia,2003,0,1,1
Armenia,2002,0,1,1
Armenia,2001,0,1,1
Armenia,2000,0,1,1
Australia,2015,0,0,0
Australia,2014,0,0,0
Australia,2013,0,0,0
Australia,2012,0,0,0
Australia,2011,0,0,0
Australia,2010,0,0,0
Australia,2009,0,0,0
Australia,2008,0,0,0
Australia,2007,0,0,0
Australia,2006,0,0,0
Australia,2005,0,0,0
Australia,2004,0,0,0
Australia,2003,0,0,0
Australia,2002,0,0,0
Australia,2001,0,0,0
Australia,2000,0,0,0
Austria,2015,0,0,0
Austria,2014,0,0,0
Austria,2013,0,0,0
Austria,2012,0,0,0
Austria,2011,0,0,0
Austria,2010,0,0,0
Austria,2009,0,0,0
Austria,2008,0,0,0
Austria,2007,0,0,0
Austria,2006,0,0,0
Austria,2005,0,0,0
Austria,2004,0,0,0
Austria,2003,0,0,0
Austria,2002,0,0,0
Austria,2001,0,0,0
Austria,2000,0,0,0
Azerbaijan,2015,0,1,1
Azerbaijan,2014,0,1,1
Azerbaijan,2013,0,1,1
Azerbaijan,2012,0,0,0
Azerbaijan,2011,0,0,0
Azerbaijan,2010,0,0,0
Azerbaijan,2009,0,0,0
Azerbaijan,2008,0,0,0
Azerbaijan,2007,0,0,0
Azerbaijan,2006,0,8,8
Azerbaijan,2005,0,23,23
Azerbaijan,2004,0,18,18
Azerbaijan,2003,0,38,38
Azerbaijan,2002,0,24,24
Azerbaijan,2001,0,11,11
Azerbaijan,2000,0,9,9
Bahamas,2015,0,0,0
Bahamas,2014,0,0,0
Bahamas,2013,0,0,0
Bahamas,2012,0,0,0
Bahamas,2011,0,0,0
Bahamas,2010,0,0,0
Bahamas,2009,0,0,0
Bahamas,2008,0,0,0
Bahamas,2007,0,0,0
Bahamas,2006,0,0,0
Bahamas,2005,0,0,0
Bahamas,2004,0,0,0
Bahamas,2003,0,0,0
Bahamas,2002,0,0,0
Bahamas,2001,0,0,0
Bahamas,2000,0,0,0
Bahrain,2015,0,0,0
Bahrain,2014,0,0,0
Bahrain,2013,0,0,0
Bahrain,2012,0,0,0
Bahrain,2011,0,0,0
Bahrain,2010,0,0,0
Bahrain,2009,0,0,0
Bahrain,2008,0,0,0
Bahrain,2007,0,0,0
Bahrain,2006,0,0,0
Bahrain,2005,0,0,0
Bahrain,2004,0,0,0
Bahrain,2003,0,0,0
Bahrain,2002,0,0,0
Bahrain,2001,0,0,0
Bahrain,2000,0,0,0
Bangladesh,2015,0,2259,2259
Bangladesh,2014,0,1416,1416
Bangladesh,2013,0,1713,1713
Bangladesh,2012,0,2185,2185
Bangladesh,2011,0,4825,4825
Bangladesh,2010,0,2840,2840
Bangladesh,2009,0,2941,2941
Bangladesh,2008,0,3861,3861
Bangladesh,2007,0,1514,1514
Bangladesh,2006,0,14869,14869
Bangladesh,2005,0,20037,20037
Bangladesh,2004,0,20697,20697
Bangladesh,2003,0,10012,10012
Bangladesh,2002,0,9505,9505
Bangladesh,2001,0,11195,11195
Bangladesh,2000,0,12658,12658
Barbados,2015,0,0,0
Barbados,2014,0,0,0
Barbados,2013,0,0,0
Barbados,2012,0,0,0
Barbados,2011,0,0,0
Barbados,2010,0,0,0
Barbados,2009,0,0,0
Barbados,2008,0,0,0
Barbados,2007,0,0,0
Barbados,2006,0,0,0
Barbados,2005,0,0,0
Barbados,2004,0,0,0
Barbados,2003,0,0,0
Barbados,2002,0,0,0
Barbados,2001,0,0,0
Barbados,2000,0,0,0
Belarus,2015,0,0,0
Belarus,2014,0,0,0
Belarus,2013,0,0,0
Belarus,2012,0,0,0
Belarus,2011,0,0,0
Belarus,2010,0,0,0
Belarus,2009,0,0,0
Belarus,2008,0,0,0
Belarus,2007,0,0,0
Belarus,2006,0,0,0
Belarus,2005,0,0,0
Belarus,2004,0,0,0
Belarus,2003,0,0,0
Belarus,2002,0,0,0
Belarus,2001,0,0,0
Belarus,2000,0,0,0
Belgium,2015,0,0,0
Belgium,2014,0,0,0
Belgium,2013,0,0,0
Belgium,2012,0,0,0
Belgium,2011,0,0,0
Belgium,2010,0,0,0
Belgium,2009,0,0,0
Belgium,2008,0,0,0
Belgium,2007,0,0,0
Belgium,2006,0,0,0
Belgium,2005,0,0,0
Belgium,2004,0,0,0
Belgium,2003,0,0,0
Belgium,2002,0,0,0
Belgium,2001,0,0,0
Belgium,2000,0,0,0
Belize,2015,0,0,0
Belize,2014,0,0,0
Belize,2013,0,0,0
Belize,2012,0,0,0
Belize,2011,0,0,0
Belize,2010,0,0,0
Belize,2009,0,0,0
Belize,2008,0,0,0
Belize,2007,0,0,0
Belize,2006,0,0,0
Belize,2005,0,0,0
Belize,2004,0,0,0
Belize,2003,0,0,0
Belize,2002,0,0,0
Belize,2001,0,0,0
Belize,2000,0,0,0
Benin,2015,0,256,256
Benin,2014,0,686,686
Benin,2013,0,503,503
Benin,2012,0,199,199
Benin,2011,0,538,538
Benin,2010,0,607,607
Benin,2009,0,904,904
Benin,2008,0,671,671
Benin,2007,0,311,311
Benin,2006,0,132,132
Benin,2005,0,273,273
Benin,2004,0,122,122
Benin,2003,0,614,614
Benin,2002,0,1189,1189
Benin,2001,0,3892,3892
Benin,2000,0,2817,2817
Bhutan,2015,0,0,0
Bhutan,2014,0,0,0
Bhutan,2013,0,1,1
Bhutan,2012,0,1,1
Bhutan,2011,0,1,1
Bhutan,2010,0,1,1
Bhutan,2009,0,1,1
Bhutan,2008,0,0,0
Bhutan,2007,0,0,0
Bhutan,2006,0,2,2
Bhutan,2005,0,3,3
Bhutan,2004,0,4,4
Bhutan,2003,0,5,5
Bhutan,2002,0,10,10
Bhutan,2001,0,57,57
Bhutan,2000,0,31,31
Bolivia (Plurinational State of),2015,0,0,0
Bolivia (Plurinational State of),2014,0,0,0
Bolivia (Plurinational State of),2013,0,0,0
Bolivia (Plurinational State of),2012,0,0,0
Bolivia (Plurinational State of),2011,0,0,0
Bolivia (Plurinational State of),2010,0,0,0
Bolivia (Plurinational State of),2009,0,0,0
Bolivia (Plurinational State of),2008,0,0,0
Bolivia (Plurinational State of),2007,0,0,0
Bolivia (Plurinational State of),2006,0,0,0
Bolivia (Plurinational State of),2005,0,0,0
Bolivia (Plurinational State of),2004,0,0,0
Bolivia (Plurinational State of),2003,0,0,0
Bolivia (Plurinational State of),2002,0,0,0
Bolivia (Plurinational State of),2001,0,0,0
Bolivia (Plurinational State of),2000,0,0,0
Bosnia and Herzegovina,2015,0,1,1
Bosnia and Herzegovina,2014,0,2,2
Bosnia and Herzegovina,2013,0,3,3
Bosnia and Herzegovina,2012,0,3,3
Bosnia and Herzegovina,2011,0,3,3
Bosnia and Herzegovina,2010,0,3,3
Bosnia and Herzegovina,2009,0,3,3
Bosnia and Herzegovina,2008,0,3,3
Bosnia and Herzegovina,2007,0,3,3
Bosnia and Herzegovina,2006,0,4,4
Bosnia and Herzegovina,2005,0,4,4
Bosnia and Herzegovina,2004,0,4,4
Bosnia and Herzegovina,2003,0,4,4
Bosnia and Herzegovina,2002,0,4,4
Bosnia and Herzegovina,2001,0,5,5
Bosnia and Herzegovina,2000,0,7,7
Botswana,2015,0,18,18
Botswana,2014,0,5,5
Botswana,2013,0,20,20
Botswana,2012,0,31,31
Botswana,2011,0,41,41
Botswana,2010,0,85,85
Botswana,2009,0,39,39
Botswana,2008,0,18,18
Botswana,2007,0,15,15
Botswana,2006,0,10,10
Botswana,2005,0,27,27
Botswana,2004,0,31,31
Botswana,2003,0,41,41
Botswana,2002,0,50,50
Botswana,2001,0,106,106
Botswana,2000,0,693,693
Brazil,2015,0,1,1
Brazil,2014,0,0,0
Brazil,2013,0,1,1
Brazil,2012,0,0,0
Brazil,2011,0,0,0
Brazil,2010,0,0,0
Brazil,2009,0,0,0
Brazil,2008,0,0,0
Brazil,2007,0,0,0
Brazil,2006,0,0,0
Brazil,2005,0,0,0
Brazil,2004,0,0,0
Brazil,2003,0,0,0
Brazil,2002,0,0,0
Brazil,2001,0,0,0
Brazil,2000,0,0,0
Brunei Darussalam,2015,0,0,0
Brunei Darussalam,2014,0,0,0
Brunei Darussalam,2013,0,0,0
Brunei Darussalam,2012,0,0,0
Brunei Darussalam,2011,0,0,0
Brunei Darussalam,2010,0,0,0
Brunei Darussalam,2009,0,0,0
Brunei Darussalam,2008,0,0,0
Brunei Darussalam,2007,0,0,0
Brunei Darussalam,2006,0,0,0
Brunei Darussalam,2005,0,0,0
Brunei Darussalam,2004,0,0,0
Brunei Darussalam,2003,0,0,0
Brunei Darussalam,2002,0,0,0
Brunei Darussalam,2001,0,0,0
Brunei Darussalam,2000,0,0,0
Bulgaria,2015,0,2,2
Bulgaria,2014,0,3,3
Bulgaria,2013,0,3,3
Bulgaria,2012,0,0,0
Bulgaria,2011,0,0,0
Bulgaria,2010,0,11,11
Bulgaria,2009,0,0,0
Bulgaria,2008,0,0,0
Bulgaria,2007,0,0,0
Bulgaria,2006,0,0,0
Bulgaria,2005,0,0,0
Bulgaria,2004,0,0,0
Bulgaria,2003,0,0,0
Bulgaria,2002,0,0,0
Bulgaria,2001,0,0,0
Bulgaria,2000,0,0,0
Burkina Faso,2015,0,1385,1385
Burkina Faso,2014,0,1140,1140
Burkina Faso,2013,0,1295,1295
Burkina Faso,2012,0,10108,10108
Burkina Faso,2011,0,1618,1618
Burkina Faso,2010,0,2863,2863
Burkina Faso,2009,0,17966,17966
Burkina Faso,2008,0,507,507
Burkina Faso,2007,0,827,827
Burkina Faso,2006,0,916,916
Burkina Faso,2005,0,514,514
Burkina Faso,2004,0,1080,1080
Burkina Faso,2003,0,4784,4784
Burkina Faso,2002,0,6604,6604
Burkina Faso,2001,0,6572,6572
Burkina Faso,2000,0,11691,11691
Burundi,2015,0,37,37
Burundi,2014,0,31,31
Burundi,2013,0,32,32
Burundi,2012,0,105,105
Burundi,2011,0,79,79
Burundi,2010,0,79,79
Burundi,2009,0,149,149
Burundi,2008,0,121,121
Burundi,2007,0,53,53
Burundi,2006,0,180,180
Burundi,2005,0,131,131
Burundi,2004,0,96,96
Burundi,2003,0,18,18
Burundi,2002,0,196,196
Burundi,2001,0,2397,2397
Burundi,2000,0,2088,2088
Côte d'Ivoire,2015,0,151,151
Côte d'Ivoire,2014,0,441,441
Côte d'Ivoire,2013,0,315,315
Côte d'Ivoire,2012,0,220,220
Côte d'Ivoire,2011,0,814,814
Côte d'Ivoire,2010,0,463,463
Côte d'Ivoire,2009,0,183,183
Côte d'Ivoire,2008,0,337,337
Côte d'Ivoire,2007,0,203,203
Côte d'Ivoire,2006,0,56,56
Côte d'Ivoire,2005,0,902,902
Côte d'Ivoire,2004,0,2547,2547
Côte d'Ivoire,2003,0,3542,3542
Côte d'Ivoire,2002,0,4206,4206
Côte d'Ivoire,2001,0,4143,4143
Côte d'Ivoire,2000,0,4115,4115
Cabo Verde,2015,0,0,0
Cabo Verde,2014,0,0,0
Cabo Verde,2013,0,3,3
Cabo Verde,2012,0,3,3
Cabo Verde,2011,0,3,3
Cabo Verde,2010,0,3,3
Cabo Verde,2009,0,8,8
Cabo Verde,2008,0,7,7
Cabo Verde,2007,0,7,7
Cabo Verde,2006,0,7,7
Cabo Verde,2005,0,25,25
Cabo Verde,2004,0,25,25
Cabo Verde,2003,0,25,25
Cabo Verde,2002,0,25,25
Cabo Verde,2001,0,25,25
Cabo Verde,2000,0,29,29
Cambodia,2015,0,0,0
Cambodia,2014,0,0,0
Cambodia,2013,0,36,36
Cambodia,2012,0,43,43
Cambodia,2011,0,168,168
Cambodia,2010,0,262,262
Cambodia,2009,0,655,655
Cambodia,2008,0,486,486
Cambodia,2007,0,124,124
Cambodia,2006,0,104,104
Cambodia,2005,0,94,94
Cambodia,2004,0,69,69
Cambodia,2003,0,117,117
Cambodia,2002,0,293,293
Cambodia,2001,0,898,898
Cambodia,2000,0,1356,1356
Cameroon,2015,0,114,114
Cameroon,2014,0,342,342
Cameroon,2013,0,164,164
Cameroon,2012,0,368,368
Cameroon,2011,0,286,286
Cameroon,2010,0,120,120
Cameroon,2009,0,278,278
Cameroon,2008,0,158,158
Cameroon,2007,0,221,221
Cameroon,2006,0,399,399
Cameroon,2005,0,507,507
Cameroon,2004,0,354,354
Cameroon,2003,0,148,148
Cameroon,2002,0,221,221
Cameroon,2001,0,6951,6951
Cameroon,2000,0,4637,4637
Canada,2015,0,0,0
Canada,2014,0,0,0
Canada,2013,0,0,0
Canada,2012,0,0,0
Canada,2011,0,0,0
Canada,2010,0,0,0
Canada,2009,0,0,0
Canada,2008,0,0,0
Canada,2007,0,0,0
Canada,2006,0,0,0
Canada,2005,0,0,0
Canada,2004,0,0,0
Canada,2003,0,0,0
Canada,2002,0,0,0
Canada,2001,0,0,0
Canada,2000,0,0,0
Central African Republic,2015,0,187,187
Central African Republic,2014,0,263,263
Central African Republic,2013,0,837,837
Central African Republic,2012,0,211,211
Central African Republic,2011,0,936,936
Central African Republic,2010,0,106,106
Central African Republic,2009,0,35,35
Central African Republic,2008,0,150,150
Central African Republic,2007,0,109,109
Central African Republic,2006,0,68,68
Central African Republic,2005,0,878,878
Central African Republic,2004,0,1705,1705
Central African Republic,2003,0,1045,1045
Central African Republic,2002,0,1382,1382
Central African Republic,2001,0,1487,1487
Central African Republic,2000,0,1623,1623
Chad,2015,0,168,168
Chad,2014,0,313,313
Chad,2013,0,75,75
Chad,2012,0,565,565
Chad,2011,0,928,928
Chad,2010,0,263,263
Chad,2009,0,101,101
Chad,2008,0,584,584
Chad,2007,0,309,309
Chad,2006,0,1097,1097
Chad,2005,0,2995,2995
Chad,2004,0,6490,6490
Chad,2003,0,4352,4352
Chad,2002,0,5795,5795
Chad,2001,0,6423,6423
Chad,2000,0,3892,3892
Chile,2015,0,0,0
Chile,2014,0,0,0
Chile,2013,0,0,0
Chile,2012,0,0,0
Chile,2011,0,0,0
Chile,2010,0,0,0
Chile,2009,0,0,0
Chile,2008,0,0,0
Chile,2007,0,0,0
Chile,2006,0,0,0
Chile,2005,0,0,0
Chile,2004,0,0,0
Chile,2003,0,0,0
Chile,2002,0,0,0
Chile,2001,0,0,0
Chile,2000,0,0,0
China,2015,0,495,495
China,2014,0,1222,1222
China,2013,0,572,572
China,2012,0,320,320
China,2011,0,476,476
China,2010,0,840,840
China,2009,0,1478,1478
China,2008,0,3278,3278
China,2007,0,2731,2731
China,2006,0,2535,2535
China,2005,0,3086,3086
China,2004,0,2015,2015
China,2003,0,2015,2015
China,2002,0,1870,1870
China,2001,0,2372,2372
China,2000,0,1995,1995
Colombia,2015,0,0,0
Colombia,2014,0,0,0
Colombia,2013,0,0,0
Colombia,2012,0,0,0
Colombia,2011,0,0,0
Colombia,2010,0,0,0
Colombia,2009,0,0,0
Colombia,2008,0,0,0
Colombia,2007,0,0,0
Colombia,2006,0,0,0
Colombia,2005,0,0,0
Colombia,2004,0,0,0
Colombia,2003,0,0,0
Colombia,2002,0,0,0
Colombia,2001,0,0,0
Colombia,2000,0,0,0
Comoros,2015,0,0,0
Comoros,2014,0,0,0
Comoros,2013,0,0,0
Comoros,2012,0,0,0
Comoros,2011,0,0,0
Comoros,2010,0,0,0
Comoros,2009,0,0,0
Comoros,2008,0,0,0
Comoros,2007,0,0,0
Comoros,2006,0,0,0
Comoros,2005,0,0,0
Comoros,2004,0,0,0
Comoros,2003,0,0,0
Comoros,2002,0,0,0
Comoros,2001,0,0,0
Comoros,2000,0,0,0
Congo,2015,0,50,50
Congo,2014,0,41,41
Congo,2013,0,116,116
Congo,2012,0,144,144
Congo,2011,0,160,160
Congo,2010,0,51,51
Congo,2009,0,43,43
Congo,2008,0,14,14
Congo,2007,0,138,138
Congo,2006,0,131,131
Congo,2005,0,87,87
Congo,2004,0,781,781
Congo,2003,0,927,927
Congo,2002,0,1664,1664
Congo,2001,0,1293,1293
Congo,2000,0,1004,1004
Cook Islands,2015,0,0,0
Cook Islands,2014,0,0,0
Cook Islands,2013,0,0,0
Cook Islands,2012,0,0,0
Cook Islands,2011,0,0,0
Cook Islands,2010,0,0,0
Cook Islands,2009,0,0,0
Cook Islands,2008,0,0,0
Cook Islands,2007,0,0,0
Cook Islands,2006,0,0,0
Cook Islands,2005,0,0,0
Cook Islands,2004,0,0,0
Cook Islands,2003,0,0,0
Cook Islands,2002,0,0,0
Cook Islands,2001,0,0,0
Cook Islands,2000,0,0,0
Costa Rica,2015,0,0,0
Costa Rica,2014,0,0,0
Costa Rica,2013,0,0,0
Costa Rica,2012,0,0,0
Costa Rica,2011,0,0,0
Costa Rica,2010,0,0,0
Costa Rica,2009,0,0,0
Costa Rica,2008,0,0,0
Costa Rica,2007,0,0,0
Costa Rica,2006,0,0,0
Costa Rica,2005,0,0,0
Costa Rica,2004,0,0,0
Costa Rica,2003,0,0,0
Costa Rica,2002,0,0,0
Costa Rica,2001,0,0,0
Costa Rica,2000,0,0,0
Croatia,2015,0,0,0
Croatia,2014,0,0,0
Croatia,2013,0,0,0
Croatia,2012,0,0,0
Croatia,2011,0,0,0
Croatia,2010,0,0,0
Croatia,2009,0,0,0
Croatia,2008,0,0,0
Croatia,2007,0,0,0
Croatia,2006,0,0,0
Croatia,2005,0,0,0
Croatia,2004,0,0,0
Croatia,2003,0,0,0
Croatia,2002,0,0,0
Croatia,2001,0,0,0
Croatia,2000,0,0,0
Cuba,2015,0,0,0
Cuba,2014,0,0,0
Cuba,2013,0,0,0
Cuba,2012,0,0,0
Cuba,2011,0,0,0
Cuba,2010,0,0,0
Cuba,2009,0,0,0
Cuba,2008,0,0,0
Cuba,2007,0,0,0
Cuba,2006,0,0,0
Cuba,2005,0,0,0
Cuba,2004,0,0,0
Cuba,2003,0,0,0
Cuba,2002,0,0,0
Cuba,2001,0,0,0
Cuba,2000,0,0,0
Cyprus,2015,0,0,0
Cyprus,2014,0,0,0
Cyprus,2013,0,0,0
Cyprus,2012,0,0,0
Cyprus,2011,0,0,0
Cyprus,2010,0,0,0
Cyprus,2009,0,0,0
Cyprus,2008,0,0,0
Cyprus,2007,0,0,0
Cyprus,2006,0,0,0
Cyprus,2005,0,0,0
Cyprus,2004,0,0,0
Cyprus,2003,0,0,0
Cyprus,2002,0,0,0
Cyprus,2001,0,0,0
Cyprus,2000,0,0,0
Czech Republic,2015,0,0,0
Czech Republic,2014,0,0,0
Czech Republic,2013,0,0,0
Czech Republic,2012,0,0,0
Czech Republic,2011,0,0,0
Czech Republic,2010,0,0,0
Czech Republic,2009,0,0,0
Czech Republic,2008,0,0,0
Czech Republic,2007,0,0,0
Czech Republic,2006,0,0,0
Czech Republic,2005,0,0,0
Czech Republic,2004,0,0,0
Czech Republic,2003,0,0,0
Czech Republic,2002,0,0,0
Czech Republic,2001,0,0,0
Czech Republic,2000,0,0,0
Democratic People's Republic of Korea,2015,0,0,0
Democratic People's Republic of Korea,2014,0,0,0
Democratic People's Republic of Korea,2013,0,0,0
Democratic People's Republic of Korea,2012,0,0,0
Democratic People's Republic of Korea,2011,0,0,0
Democratic People's Republic of Korea,2010,0,0,0
Democratic People's Republic of Korea,2009,0,0,0
Democratic People's Republic of Korea,2008,0,0,0
Democratic People's Republic of Korea,2007,0,8,8
Democratic People's Republic of Korea,2006,0,8,8
Democratic People's Republic of Korea,2005,0,8,8
Democratic People's Republic of Korea,2004,0,8,8
Democratic People's Republic of Korea,2003,0,7,7
Democratic People's Republic of Korea,2002,0,7,7
Democratic People's Republic of Korea,2001,0,7,7
Democratic People's Republic of Korea,2000,0,7,7
Democratic Republic of the Congo,2015,0,9493,9493
Democratic Republic of the Congo,2014,0,4015,4015
Democratic Republic of the Congo,2013,0,9725,9725
Democratic Republic of the Congo,2012,0,10484,10484
Democratic Republic of the Congo,2011,0,21039,21039
Democratic Republic of the Congo,2010,0,2783,2783
Democratic Republic of the Congo,2009,0,2959,2959
Democratic Republic of the Congo,2008,0,3579,3579
Democratic Republic of the Congo,2007,0,7301,7301
Democratic Republic of the Congo,2006,0,11431,11431
Democratic Republic of the Congo,2005,0,25184,25184
Democratic Republic of the Congo,2004,0,36732,36732
Democratic Republic of the Congo,2003,0,27373,27373
Democratic Republic of the Congo,2002,0,40613,40613
Democratic Republic of the Congo,2001,0,33405,33405
Democratic Republic of the Congo,2000,0,33871,33871
Denmark,2015,0,0,0
Denmark,2014,0,0,0
Denmark,2013,0,0,0
Denmark,2012,0,0,0
Denmark,2011,0,0,0
Denmark,2010,0,0,0
Denmark,2009,0,0,0
Denmark,2008,0,0,0
Denmark,2007,0,0,0
Denmark,2006,0,0,0
Denmark,2005,0,0,0
Denmark,2004,0,0,0
Denmark,2003,0,0,0
Denmark,2002,0,0,0
Denmark,2001,0,0,0
Denmark,2000,0,0,0
Djibouti,2015,0,51,51
Djibouti,2014,0,7,7
Djibouti,2013,0,20,20
Djibouti,2012,0,82,82
Djibouti,2011,0,35,35
Djibouti,2010,0,17,17
Djibouti,2009,0,35,35
Djibouti,2008,0,106,106
Djibouti,2007,0,26,26
Djibouti,2006,0,35,35
Djibouti,2005,0,228,228
Djibouti,2004,0,92,92
Djibouti,2003,0,33,33
Djibouti,2002,0,56,56
Djibouti,2001,0,85,85
Djibouti,2000,0,163,163
Dominica,2015,0,0,0
Dominica,2014,0,0,0
Dominica,2013,0,0,0
Dominica,2012,0,0,0
Dominica,2011,0,0,0
Dominica,2010,0,0,0
Dominica,2009,0,0,0
Dominica,2008,0,0,0
Dominica,2007,0,0,0
Dominica,2006,0,0,0
Dominica,2005,0,0,0
Dominica,2004,0,0,0
Dominica,2003,0,0,0
Dominica,2002,0,0,0
Dominica,2001,0,0,0
Dominica,2000,0,0,0
Dominican Republic,2015,0,0,0
Dominican Republic,2014,0,0,0
Dominican Republic,2013,0,0,0
Dominican Republic,2012,0,0,0
Dominican Republic,2011,0,0,0
Dominican Republic,2010,0,0,0
Dominican Republic,2009,0,0,0
Dominican Republic,2008,0,0,0
Dominican Republic,2007,0,0,0
Dominican Republic,2006,0,0,0
Dominican Republic,2005,0,0,0
Dominican Republic,2004,0,0,0
Dominican Republic,2003,0,0,0
Dominican Republic,2002,0,0,0
Dominican Republic,2001,0,0,0
Dominican Republic,2000,0,0,0
Ecuador,2015,0,0,0
Ecuador,2014,0,0,0
Ecuador,2013,0,0,0
Ecuador,2012,0,0,0
Ecuador,2011,0,0,0
Ecuador,2010,0,0,0
Ecuador,2009,0,0,0
Ecuador,2008,0,0,0
Ecuador,2007,0,0,0
Ecuador,2006,0,0,0
Ecuador,2005,0,0,0
Ecuador,2004,0,0,0
Ecuador,2003,0,0,0
Ecuador,2002,0,0,0
Ecuador,2001,0,0,0
Ecuador,2000,0,0,0
Egypt,2015,0,101,101
Egypt,2014,0,568,568
Egypt,2013,0,244,244
Egypt,2012,0,109,109
Egypt,2011,0,57,57
Egypt,2010,0,63,63
Egypt,2009,0,640,640
Egypt,2008,0,831,831
Egypt,2007,0,1571,1571
Egypt,2006,0,581,581
Egypt,2005,0,120,120
Egypt,2004,0,151,151
Egypt,2003,0,210,210
Egypt,2002,0,916,916
Egypt,2001,0,2043,2043
Egypt,2000,0,2432,2432
El Salvador,2015,0,0,0
El Salvador,2014,0,0,0
El Salvador,2013,0,0,0
El Salvador,2012,0,0,0
El Salvador,2011,0,0,0
El Salvador,2010,0,0,0
El Salvador,2009,0,0,0
El Salvador,2008,0,0,0
El Salvador,2007,0,0,0
El Salvador,2006,0,0,0
El Salvador,2005,0,0,0
El Salvador,2004,0,0,0
El Salvador,2003,0,0,0
El Salvador,2002,0,0,0
El Salvador,2001,0,0,0
El Salvador,2000,0,0,0
Equatorial Guinea,2015,0,245,245
Equatorial Guinea,2014,0,312,312
Equatorial Guinea,2013,0,210,210
Equatorial Guinea,2012,0,555,555
Equatorial Guinea,2011,0,167,167
Equatorial Guinea,2010,0,42,42
Equatorial Guinea,2009,0,349,349
Equatorial Guinea,2008,0,386,386
Equatorial Guinea,2007,0,217,217
Equatorial Guinea,2006,0,113,113
Equatorial Guinea,2005,0,352,352
Equatorial Guinea,2004,0,274,274
Equatorial Guinea,2003,0,252,252
Equatorial Guinea,2002,0,214,214
Equatorial Guinea,2001,0,99,99
Equatorial Guinea,2000,0,266,266
Eritrea,2015,0,133,133
Eritrea,2014,0,460,460
Eritrea,2013,0,252,252
Eritrea,2012,0,696,696
Eritrea,2011,0,218,218
Eritrea,2010,0,192,192
Eritrea,2009,0,291,291
Eritrea,2008,0,125,125
Eritrea,2007,0,216,216
Eritrea,2006,0,452,452
Eritrea,2005,0,116,116
Eritrea,2004,0,88,88
Eritrea,2003,0,559,559
Eritrea,2002,0,660,660
Eritrea,2001,0,952,952
Eritrea,2000,0,3520,3520
Estonia,2015,0,0,0
Estonia,2014,0,0,0
Estonia,2013,0,0,0
Estonia,2012,0,0,0
Estonia,2011,0,0,0
Estonia,2010,0,0,0
Estonia,2009,0,0,0
Estonia,2008,0,0,0
Estonia,2007,0,0,0
Estonia,2006,0,0,0
Estonia,2005,0,0,0
Estonia,2004,0,0,0
Estonia,2003,0,0,0
Estonia,2002,0,0,0
Estonia,2001,0,0,0
Estonia,2000,0,0,0
Ethiopia,2015,0,6836,6836
Ethiopia,2014,0,16277,16277
Ethiopia,2013,0,5895,5895
Ethiopia,2012,0,4424,4424
Ethiopia,2011,0,3497,3497
Ethiopia,2010,0,7582,7582
Ethiopia,2009,0,16460,16460
Ethiopia,2008,0,13536,13536
Ethiopia,2007,0,3688,3688
Ethiopia,2006,0,15980,15980
Ethiopia,2005,0,10740,10740
Ethiopia,2004,0,13637,13637
Ethiopia,2003,0,17478,17478
Ethiopia,2002,0,21448,21448
Ethiopia,2001,0,8204,8204
Ethiopia,2000,0,18234,18234
Fiji,2015,0,0,0
Fiji,2014,0,0,0
Fiji,2013,0,0,0
Fiji,2012,0,0,0
Fiji,2011,0,0,0
Fiji,2010,0,0,0
Fiji,2009,0,0,0
Fiji,2008,0,1,1
Fiji,2007,0,1,1
Fiji,2006,0,7,7
Fiji,2005,0,5,5
Fiji,2004,0,5,5
Fiji,2003,0,19,19
Fiji,2002,0,21,21
Fiji,2001,0,4,4
Fiji,2000,0,9,9
Finland,2015,0,0,0
Finland,2014,0,0,0
Finland,2013,0,0,0
Finland,2012,0,0,0
Finland,2011,0,0,0
Finland,2010,0,0,0
Finland,2009,0,0,0
Finland,2008,0,0,0
Finland,2007,0,0,0
Finland,2006,0,0,0
Finland,2005,0,0,0
Finland,2004,0,0,0
Finland,2003,0,0,0
Finland,2002,0,0,0
Finland,2001,0,0,0
Finland,2000,0,0,0
France,2015,0,0,0
France,2014,0,0,0
France,2013,0,0,0
France,2012,0,0,0
France,2011,0,0,0
France,2010,0,0,0
France,2009,0,0,0
France,2008,0,0,0
France,2007,0,0,0
France,2006,0,0,0
France,2005,0,0,0
France,2004,0,0,0
France,2003,0,0,0
France,2002,0,0,0
France,2001,0,0,0
France,2000,0,0,0
Gabon,2015,0,70,70
Gabon,2014,0,53,53
Gabon,2013,0,52,52
Gabon,2012,0,116,116
Gabon,2011,0,107,107
Gabon,2010,0,97,97
Gabon,2009,0,68,68
Gabon,2008,0,35,35
Gabon,2007,0,128,128
Gabon,2006,0,109,109
Gabon,2005,0,26,26
Gabon,2004,0,325,325
Gabon,2003,0,591,591
Gabon,2002,0,531,531
Gabon,2001,0,1449,1449
Gabon,2000,0,258,258
Gambia,2015,0,12,12
Gambia,2014,0,17,17
Gambia,2013,0,16,16
Gambia,2012,0,11,11
Gambia,2011,0,40,40
Gambia,2010,0,34,34
Gambia,2009,0,25,25
Gambia,2008,0,15,15
Gambia,2007,0,35,35
Gambia,2006,0,26,26
Gambia,2005,0,15,15
Gambia,2004,0,2,2
Gambia,2003,0,96,96
Gambia,2002,0,84,84
Gambia,2001,0,138,138
Gambia,2000,0,271,271
Georgia,2015,0,0,0
Georgia,2014,0,0,0
Georgia,2013,0,0,0
Georgia,2012,0,0,0
Georgia,2011,0,0,0
Georgia,2010,0,0,0
Georgia,2009,0,0,0
Georgia,2008,0,0,0
Georgia,2007,0,0,0
Georgia,2006,0,0,0
Georgia,2005,0,2,2
Georgia,2004,0,2,2
Georgia,2003,0,1,1
Georgia,2002,0,2,2
Georgia,2001,0,1,1
Georgia,2000,0,1,1
Germany,2015,0,0,0
Germany,2014,0,0,0
Germany,2013,0,0,0
Germany,2012,0,0,0
Germany,2011,0,0,0
Germany,2010,0,0,0
Germany,2009,0,0,0
Germany,2008,0,0,0
Germany,2007,0,0,0
Germany,2006,0,0,0
Germany,2005,0,0,0
Germany,2004,0,0,0
Germany,2003,0,0,0
Germany,2002,0,0,0
Germany,2001,0,2,2
Germany,2000,0,2,2
Ghana,2015,0,118,118
Ghana,2014,0,3,3
Ghana,2013,0,370,370
Ghana,2012,0,453,453
Ghana,2011,0,203,203
Ghana,2010,0,471,471
Ghana,2009,0,373,373
Ghana,2008,0,333,333
Ghana,2007,0,190,190
Ghana,2006,0,562,562
Ghana,2005,0,457,457
Ghana,2004,0,245,245
Ghana,2003,0,61,61
Ghana,2002,0,4101,4101
Ghana,2001,0,4864,4864
Ghana,2000,0,7479,7479
Greece,2015,0,0,0
Greece,2014,0,0,0
Greece,2013,0,0,0
Greece,2012,0,0,0
Greece,2011,0,0,0
Greece,2010,0,0,0
Greece,2009,0,0,0
Greece,2008,0,0,0
Greece,2007,0,0,0
Greece,2006,0,0,0
Greece,2005,0,0,0
Greece,2004,0,0,0
Greece,2003,0,0,0
Greece,2002,0,0,0
Greece,2001,0,0,0
Greece,2000,0,0,0
Grenada,2015,0,0,0
Grenada,2014,0,0,0
Grenada,2013,0,0,0
Grenada,2012,0,0,0
Grenada,2011,0,0,0
Grenada,2010,0,0,0
Grenada,2009,0,0,0
Grenada,2008,0,0,0
Grenada,2007,0,0,0
Grenada,2006,0,0,0
Grenada,2005,0,0,0
Grenada,2004,0,0,0
Grenada,2003,0,0,0
Grenada,2002,0,0,0
Grenada,2001,0,0,0
Grenada,2000,0,0,0
Guatemala,2015,0,0,0
Guatemala,2014,0,0,0
Guatemala,2013,0,0,0
Guatemala,2012,0,0,0
Guatemala,2011,0,0,0
Guatemala,2010,0,0,0
Guatemala,2009,0,0,0
Guatemala,2008,0,0,0
Guatemala,2007,0,0,0
Guatemala,2006,0,0,0
Guatemala,2005,0,0,0
Guatemala,2004,0,0,0
Guatemala,2003,0,0,0
Guatemala,2002,0,0,0
Guatemala,2001,0,0,0
Guatemala,2000,0,0,0
Guinea,2015,0,151,151
Guinea,2014,0,616,616
Guinea,2013,0,153,153
Guinea,2012,0,649,649
Guinea,2011,0,459,459
Guinea,2010,0,173,173
Guinea,2009,0,887,887
Guinea,2008,0,524,524
Guinea,2007,0,154,154
Guinea,2006,0,695,695
Guinea,2005,0,451,451
Guinea,2004,0,61,61
Guinea,2003,0,2894,2894
Guinea,2002,0,3682,3682
Guinea,2001,0,8275,8275
Guinea,2000,0,9695,9695
Guinea-Bissau,2015,0,31,31
Guinea-Bissau,2014,0,58,58
Guinea-Bissau,2013,0,25,25
Guinea-Bissau,2012,0,79,79
Guinea-Bissau,2011,0,69,69
Guinea-Bissau,2010,0,48,48
Guinea-Bissau,2009,0,67,67
Guinea-Bissau,2008,0,47,47
Guinea-Bissau,2007,0,5,5
Guinea-Bissau,2006,0,115,115
Guinea-Bissau,2005,0,244,244
Guinea-Bissau,2004,0,1785,1785
Guinea-Bissau,2003,0,2509,2509
Guinea-Bissau,2002,0,533,533
Guinea-Bissau,2001,0,319,319
Guinea-Bissau,2000,0,807,807
Guyana,2015,0,0,0
Guyana,2014,0,0,0
Guyana,2013,0,0,0
Guyana,2012,0,0,0
Guyana,2011,0,0,0
Guyana,2010,0,0,0
Guyana,2009,0,0,0
Guyana,2008,0,0,0
Guyana,2007,0,0,0
Guyana,2006,0,0,0
Guyana,2005,0,0,0
Guyana,2004,0,0,0
Guyana,2003,0,0,0
Guyana,2002,0,0,0
Guyana,2001,0,0,0
Guyana,2000,0,0,0
Haiti,2015,0,0,0
Haiti,2014,0,0,0
Haiti,2013,0,0,0
Haiti,2012,0,0,0
Haiti,2011,0,0,0
Haiti,2010,0,0,0
Haiti,2009,0,0,0
Haiti,2008,0,0,0
Haiti,2007,0,0,0
Haiti,2006,0,0,0
Haiti,2005,0,0,0
Haiti,2004,0,0,0
Haiti,2003,0,0,0
Haiti,2002,0,0,0
Haiti,2001,0,0,0
Haiti,2000,0,0,0
Honduras,2015,0,0,0
Honduras,2014,0,0,0
Honduras,2013,0,0,0
Honduras,2012,0,0,0
Honduras,2011,0,0,0
Honduras,2010,0,0,0
Honduras,2009,0,0,0
Honduras,2008,0,0,0
Honduras,2007,0,0,0
Honduras,2006,0,0,0
Honduras,2005,0,0,0
Honduras,2004,0,0,0
Honduras,2003,0,0,0
Honduras,2002,0,0,0
Honduras,2001,0,0,0
Honduras,2000,0,0,0
Hungary,2015,0,0,0
Hungary,2014,0,0,0
Hungary,2013,0,0,0
Hungary,2012,0,0,0
Hungary,2011,0,0,0
Hungary,2010,0,0,0
Hungary,2009,0,0,0
Hungary,2008,0,0,0
Hungary,2007,0,0,0
Hungary,2006,0,0,0
Hungary,2005,0,0,0
Hungary,2004,0,0,0
Hungary,2003,0,0,0
Hungary,2002,0,0,0
Hungary,2001,0,0,0
Hungary,2000,0,0,0
Iceland,2015,0,0,0
Iceland,2014,0,0,0
Iceland,2013,0,0,0
Iceland,2012,0,0,0
Iceland,2011,0,0,0
Iceland,2010,0,0,0
Iceland,2009,0,0,0
Iceland,2008,0,0,0
Iceland,2007,0,0,0
Iceland,2006,0,0,0
Iceland,2005,0,0,0
Iceland,2004,0,0,0
Iceland,2003,0,0,0
Iceland,2002,0,0,0
Iceland,2001,0,0,0
Iceland,2000,0,0,0
India,2015,0,22703,22703
India,2014,0,29612,29612
India,2013,0,19919,19919
India,2012,0,27842,27842
India,2011,0,41181,41181
India,2010,0,46774,46774
India,2009,0,73162,73162
India,2008,0,61079,61079
India,2007,0,60658,60658
India,2006,0,82878,82878
India,2005,0,55454,55454
India,2004,0,91470,91470
India,2003,0,85775,85775
India,2002,0,79167,79167
India,2001,0,91875,91875
India,2000,0,72587,72587
Indonesia,2015,0,4447,4447
Indonesia,2014,0,4267,4267
Indonesia,2013,0,4527,4527
Indonesia,2012,0,6603,6603
Indonesia,2011,0,9368,9368
Indonesia,2010,0,7198,7198
Indonesia,2009,0,8949,8949
Indonesia,2008,0,4683,4683
Indonesia,2007,0,9481,9481
Indonesia,2006,0,24406,24406
Indonesia,2005,0,21421,21421
Indonesia,2004,0,16667,16667
Indonesia,2003,0,13929,13929
Indonesia,2002,0,13906,13906
Indonesia,2001,0,18740,18740
Indonesia,2000,0,21217,21217
Iran (Islamic Republic of),2015,0,3,3
Iran (Islamic Republic of),2014,0,3,3
Iran (Islamic Republic of),2013,0,3,3
Iran (Islamic Republic of),2012,0,4,4
Iran (Islamic Republic of),2011,0,3,3
Iran (Islamic Republic of),2010,0,5,5
Iran (Islamic Republic of),2009,0,3,3
Iran (Islamic Republic of),2008,0,2,2
Iran (Islamic Republic of),2007,0,2,2
Iran (Islamic Republic of),2006,0,2,2
Iran (Islamic Republic of),2005,0,1,1
Iran (Islamic Republic of),2004,0,0,0
Iran (Islamic Republic of),2003,0,101,101
Iran (Islamic Republic of),2002,0,105,105
Iran (Islamic Republic of),2001,0,107,107
Iran (Islamic Republic of),2000,0,154,154
Iraq,2015,0,49,49
Iraq,2014,0,17,17
Iraq,2013,0,59,59
Iraq,2012,0,100,100
Iraq,2011,0,38,38
Iraq,2010,0,60,60
Iraq,2009,0,592,592
Iraq,2008,0,32,32
Iraq,2007,0,33,33
Iraq,2006,0,41,41
Iraq,2005,0,50,50
Iraq,2004,0,548,548
Iraq,2003,0,195,195
Iraq,2002,0,748,748
Iraq,2001,0,530,530
Iraq,2000,0,529,529
Ireland,2015,0,0,0
Ireland,2014,0,0,0
Ireland,2013,0,0,0
Ireland,2012,0,0,0
Ireland,2011,0,0,0
Ireland,2010,0,0,0
Ireland,2009,0,0,0
Ireland,2008,0,0,0
Ireland,2007,0,0,0
Ireland,2006,0,0,0
Ireland,2005,0,0,0
Ireland,2004,0,0,0
Ireland,2003,0,0,0
Ireland,2002,0,0,0
Ireland,2001,0,0,0
Ireland,2000,0,4,4
Israel,2015,0,0,0
Israel,2014,0,0,0
Israel,2013,0,0,0
Israel,2012,0,0,0
Israel,2011,0,0,0
Israel,2010,0,0,0
Israel,2009,0,0,0
Israel,2008,0,0,0
Israel,2007,0,0,0
Israel,2006,0,0,0
Israel,2005,0,0,0
Israel,2004,0,0,0
Israel,2003,0,0,0
Israel,2002,0,0,0
Israel,2001,0,0,0
Israel,2000,0,0,0
Italy,2015,0,0,0
Italy,2014,0,0,0
Italy,2013,0,0,0
Italy,2012,0,0,0
Italy,2011,0,0,0
Italy,2010,0,0,0
Italy,2009,0,0,0
Italy,2008,0,0,0
Italy,2007,0,0,0
Italy,2006,0,0,0
Italy,2005,0,1,1
Italy,2004,0,1,1
Italy,2003,0,2,2
Italy,2002,0,1,1
Italy,2001,0,1,1
Italy,2000,0,0,0
Jamaica,2015,0,0,0
Jamaica,2014,0,0,0
Jamaica,2013,0,0,0
Jamaica,2012,0,0,0
Jamaica,2011,0,0,0
Jamaica,2010,0,0,0
Jamaica,2009,0,0,0
Jamaica,2008,0,0,0
Jamaica,2007,0,0,0
Jamaica,2006,0,0,0
Jamaica,2005,0,0,0
Jamaica,2004,0,0,0
Jamaica,2003,0,0,0
Jamaica,2002,0,0,0
Jamaica,2001,0,0,0
Jamaica,2000,0,0,0
Japan,2015,0,0,0
Japan,2014,0,0,0
Japan,2013,0,1,1
Japan,2012,0,0,0
Japan,2011,0,0,0
Japan,2010,0,0,0
Japan,2009,0,0,0
Japan,2008,0,0,0
Japan,2007,0,0,0
Japan,2006,0,0,0
Japan,2005,0,0,0
Japan,2004,0,3,3
Japan,2003,0,4,4
Japan,2002,0,6,6
Japan,2001,0,7,7
Japan,2000,0,11,11
Jordan,2015,0,0,0
Jordan,2014,0,0,0
Jordan,2013,0,0,0
Jordan,2012,0,0,0
Jordan,2011,0,0,0
Jordan,2010,0,0,0
Jordan,2009,0,0,0
Jordan,2008,0,0,0
Jordan,2007,0,0,0
Jordan,2006,0,0,0
Jordan,2005,0,0,0
Jordan,2004,0,0,0
Jordan,2003,0,0,0
Jordan,2002,0,0,0
Jordan,2001,0,0,0
Jordan,2000,0,0,0
Kazakhstan,2015,0,0,0
Kazakhstan,2014,0,0,0
Kazakhstan,2013,0,0,0
Kazakhstan,2012,0,0,0
Kazakhstan,2011,0,0,0
Kazakhstan,2010,0,0,0
Kazakhstan,2009,0,0,0
Kazakhstan,2008,0,0,0
Kazakhstan,2007,0,0,0
Kazakhstan,2006,0,0,0
Kazakhstan,2005,0,0,0
Kazakhstan,2004,0,0,0
Kazakhstan,2003,0,0,0
Kazakhstan,2002,0,0,0
Kazakhstan,2001,0,0,0
Kazakhstan,2000,0,0,0
Kenya,2015,0,246,246
Kenya,2014,0,306,306
Kenya,2013,0,162,162
Kenya,2012,0,266,266
Kenya,2011,0,292,292
Kenya,2010,0,167,167
Kenya,2009,0,411,411
Kenya,2008,0,418,418
Kenya,2007,0,461,461
Kenya,2006,0,424,424
Kenya,2005,0,296,296
Kenya,2004,0,146,146
Kenya,2003,0,8,8
Kenya,2002,0,701,701
Kenya,2001,0,1232,1232
Kenya,2000,0,1564,1564
Kiribati,2015,0,0,0
Kiribati,2014,0,0,0
Kiribati,2013,0,0,0
Kiribati,2012,0,0,0
Kiribati,2011,0,0,0
Kiribati,2010,0,0,0
Kiribati,2009,0,0,0
Kiribati,2008,0,0,0
Kiribati,2007,0,0,0
Kiribati,2006,0,2,2
Kiribati,2005,0,0,0
Kiribati,2004,0,1,1
Kiribati,2003,0,1,1
Kiribati,2002,0,0,0
Kiribati,2001,0,0,0
Kiribati,2000,0,0,0
Kuwait,2015,0,0,0
Kuwait,2014,0,0,0
Kuwait,2013,0,0,0
Kuwait,2012,0,0,0
Kuwait,2011,0,0,0
Kuwait,2010,0,0,0
Kuwait,2009,0,0,0
Kuwait,2008,0,0,0
Kuwait,2007,0,0,0
Kuwait,2006,0,0,0
Kuwait,2005,0,0,0
Kuwait,2004,0,0,0
Kuwait,2003,0,0,0
Kuwait,2002,0,0,0
Kuwait,2001,0,0,0
Kuwait,2000,0,0,0
Kyrgyzstan,2015,0,0,0
Kyrgyzstan,2014,0,0,0
Kyrgyzstan,2013,0,0,0
Kyrgyzstan,2012,0,0,0
Kyrgyzstan,2011,0,0,0
Kyrgyzstan,2010,0,0,0
Kyrgyzstan,2009,0,0,0
Kyrgyzstan,2008,0,0,0
Kyrgyzstan,2007,0,0,0
Kyrgyzstan,2006,0,0,0
Kyrgyzstan,2005,0,0,0
Kyrgyzstan,2004,0,0,0
Kyrgyzstan,2003,0,0,0
Kyrgyzstan,2002,0,0,0
Kyrgyzstan,2001,0,0,0
Kyrgyzstan,2000,0,0,0
Lao People's Democratic Republic,2015,0,24,24
Lao People's Democratic Republic,2014,0,28,28
Lao People's Democratic Republic,2013,0,9,9
Lao People's Democratic Republic,2012,0,5,5
Lao People's Democratic Republic,2011,0,187,187
Lao People's Democratic Republic,2010,0,122,122
Lao People's Democratic Republic,2009,0,56,56
Lao People's Democratic Republic,2008,0,15,15
Lao People's Democratic Republic,2007,0,1733,1733
Lao People's Democratic Republic,2006,0,1012,1012
Lao People's Democratic Republic,2005,0,1416,1416
Lao People's Democratic Republic,2004,0,2105,2105
Lao People's Democratic Republic,2003,0,1771,1771
Lao People's Democratic Republic,2002,0,929,929
Lao People's Democratic Republic,2001,0,785,785
Lao People's Democratic Republic,2000,0,1223,1223
Latvia,2015,0,0,0
Latvia,2014,0,0,0
Latvia,2013,0,0,0
Latvia,2012,0,0,0
Latvia,2011,0,0,0
Latvia,2010,0,0,0
Latvia,2009,0,0,0
Latvia,2008,0,0,0
Latvia,2007,0,0,0
Latvia,2006,0,0,0
Latvia,2005,0,0,0
Latvia,2004,0,0,0
Latvia,2003,0,0,0
Latvia,2002,0,0,0
Latvia,2001,0,0,0
Latvia,2000,0,0,0
Lebanon,2015,0,7,7
Lebanon,2014,0,1,1
Lebanon,2013,0,7,7
Lebanon,2012,0,5,5
Lebanon,2011,0,6,6
Lebanon,2010,0,6,6
Lebanon,2009,0,6,6
Lebanon,2008,0,6,6
Lebanon,2007,0,7,7
Lebanon,2006,0,6,6
Lebanon,2005,0,6,6
Lebanon,2004,0,3,3
Lebanon,2003,0,2,2
Lebanon,2002,0,0,0
Lebanon,2001,0,0,0
Lebanon,2000,0,9,9
Lesotho,2015,0,22,22
Lesotho,2014,0,21,21
Lesotho,2013,0,51,51
Lesotho,2012,0,47,47
Lesotho,2011,0,51,51
Lesotho,2010,0,64,64
Lesotho,2009,0,14,14
Lesotho,2008,0,9,9
Lesotho,2007,0,28,28
Lesotho,2006,0,25,25
Lesotho,2005,0,21,21
Lesotho,2004,0,10,10
Lesotho,2003,0,21,21
Lesotho,2002,0,9,9
Lesotho,2001,0,5,5
Lesotho,2000,0,66,66
Liberia,2015,0,73,73
Liberia,2014,0,198,198
Liberia,2013,0,117,117
Liberia,2012,0,119,119
Liberia,2011,0,832,832
Liberia,2010,0,1567,1567
Liberia,2009,0,52,52
Liberia,2008,0,16,16
Liberia,2007,0,132,132
Liberia,2006,0,111,111
Liberia,2005,0,9,9
Liberia,2004,0,420,420
Liberia,2003,0,677,677
Liberia,2002,0,981,981
Liberia,2001,0,3883,3883
Liberia,2000,0,3993,3993
Libya,2015,0,0,0
Libya,2014,0,0,0
Libya,2013,0,0,0
Libya,2012,0,0,0
Libya,2011,0,0,0
Libya,2010,0,0,0
Libya,2009,0,0,0
Libya,2008,0,0,0
Libya,2007,0,0,0
Libya,2006,0,0,0
Libya,2005,0,0,0
Libya,2004,0,0,0
Libya,2003,0,0,0
Libya,2002,0,0,0
Libya,2001,0,0,0
Libya,2000,0,0,0
Lithuania,2015,0,0,0
Lithuania,2014,0,0,0
Lithuania,2013,0,0,0
Lithuania,2012,0,0,0
Lithuania,2011,0,0,0
Lithuania,2010,0,0,0
Lithuania,2009,0,0,0
Lithuania,2008,0,0,0
Lithuania,2007,0,0,0
Lithuania,2006,0,0,0
Lithuania,2005,0,0,0
Lithuania,2004,0,0,0
Lithuania,2003,0,0,0
Lithuania,2002,0,0,0
Lithuania,2001,0,0,0
Lithuania,2000,0,0,0
Luxembourg,2015,0,0,0
Luxembourg,2014,0,0,0
Luxembourg,2013,0,0,0
Luxembourg,2012,0,0,0
Luxembourg,2011,0,0,0
Luxembourg,2010,0,0,0
Luxembourg,2009,0,0,0
Luxembourg,2008,0,0,0
Luxembourg,2007,0,0,0
Luxembourg,2006,0,0,0
Luxembourg,2005,0,0,0
Luxembourg,2004,0,0,0
Luxembourg,2003,0,0,0
Luxembourg,2002,0,0,0
Luxembourg,2001,0,0,0
Luxembourg,2000,0,0,0
Madagascar,2015,0,114,114
Madagascar,2014,0,165,165
Madagascar,2013,0,415,415
Madagascar,2012,0,317,317
Madagascar,2011,0,151,151
Madagascar,2010,0,350,350
Madagascar,2009,0,253,253
Madagascar,2008,0,96,96
Madagascar,2007,0,204,204
Madagascar,2006,0,135,135
Madagascar,2005,0,13,13
Madagascar,2004,0,2787,2787
Madagascar,2003,0,5503,5503
Madagascar,2002,0,3080,3080
Madagascar,2001,0,2969,2969
Madagascar,2000,0,4029,4029
Malawi,2015,0,430,430
Malawi,2014,0,146,146
Malawi,2013,0,481,481
Malawi,2012,0,363,363
Malawi,2011,0,260,260
Malawi,2010,0,1317,1317
Malawi,2009,0,83,83
Malawi,2008,0,419,419
Malawi,2007,0,300,300
Malawi,2006,0,173,173
Malawi,2005,0,871,871
Malawi,2004,0,750,750
Malawi,2003,0,603,603
Malawi,2002,0,436,436
Malawi,2001,0,243,243
Malawi,2000,0,129,129
Malaysia,2015,0,0,0
Malaysia,2014,0,0,0
Malaysia,2013,0,0,0
Malaysia,2012,0,0,0
Malaysia,2011,0,0,0
Malaysia,2010,0,0,0
Malaysia,2009,0,0,0
Malaysia,2008,0,0,0
Malaysia,2007,0,0,0
Malaysia,2006,0,0,0
Malaysia,2005,0,0,0
Malaysia,2004,0,0,0
Malaysia,2003,0,0,0
Malaysia,2002,0,0,0
Malaysia,2001,0,0,0
Malaysia,2000,0,0,0
Maldives,2015,0,0,0
Maldives,2014,0,0,0
Maldives,2013,0,0,0
Maldives,2012,0,0,0
Maldives,2011,0,0,0
Maldives,2010,0,0,0
Maldives,2009,0,0,0
Maldives,2008,0,0,0
Maldives,2007,0,0,0
Maldives,2006,0,1,1
Maldives,2005,0,2,2
Maldives,2004,0,1,1
Maldives,2003,0,1,1
Maldives,2002,0,14,14
Maldives,2001,0,0,0
Maldives,2000,0,0,0
Mali,2015,0,456,456
Mali,2014,0,897,897
Mali,2013,0,710,710
Mali,2012,0,518,518
Mali,2011,0,1467,1467
Mali,2010,0,2747,2747
Mali,2009,0,3393,3393
Mali,2008,0,249,249
Mali,2007,0,630,630
Mali,2006,0,464,464
Mali,2005,0,124,124
Mali,2004,0,890,890
Mali,2003,0,604,604
Mali,2002,0,71,71
Mali,2001,0,6869,6869
Mali,2000,0,3407,3407
Malta,2015,0,0,0
Malta,2014,0,0,0
Malta,2013,0,0,0
Malta,2012,0,0,0
Malta,2011,0,0,0
Malta,2010,0,0,0
Malta,2009,0,0,0
Malta,2008,0,0,0
Malta,2007,0,0,0
Malta,2006,0,0,0
Malta,2005,0,0,0
Malta,2004,0,0,0
Malta,2003,0,0,0
Malta,2002,0,0,0
Malta,2001,0,0,0
Malta,2000,0,0,0
Marshall Islands,2015,0,0,0
Marshall Islands,2014,0,0,0
Marshall Islands,2013,0,0,0
Marshall Islands,2012,0,0,0
Marshall Islands,2011,0,0,0
Marshall Islands,2010,0,0,0
Marshall Islands,2009,0,0,0
Marshall Islands,2008,0,0,0
Marshall Islands,2007,0,0,0
Marshall Islands,2006,0,0,0
Marshall Islands,2005,0,0,0
Marshall Islands,2004,0,0,0
Marshall Islands,2003,0,3,3
Marshall Islands,2002,0,0,0
Marshall Islands,2001,0,0,0
Marshall Islands,2000,0,0,0
Mauritania,2015,0,157,157
Mauritania,2014,0,153,153
Mauritania,2013,0,151,151
Mauritania,2012,0,102,102
Mauritania,2011,0,513,513
Mauritania,2010,0,970,970
Mauritania,2009,0,345,345
Mauritania,2008,0,176,176
Mauritania,2007,0,141,141
Mauritania,2006,0,88,88
Mauritania,2005,0,9,9
Mauritania,2004,0,1110,1110
Mauritania,2003,0,800,800
Mauritania,2002,0,779,779
Mauritania,2001,0,1333,1333
Mauritania,2000,0,631,631
Mauritius,2015,0,0,0
Mauritius,2014,0,0,0
Mauritius,2013,0,0,0
Mauritius,2012,0,0,0
Mauritius,2011,0,0,0
Mauritius,2010,0,0,0
Mauritius,2009,0,0,0
Mauritius,2008,0,0,0
Mauritius,2007,0,0,0
Mauritius,2006,0,0,0
Mauritius,2005,0,0,0
Mauritius,2004,0,0,0
Mauritius,2003,0,0,0
Mauritius,2002,0,0,0
Mauritius,2001,0,0,0
Mauritius,2000,0,0,0
Mexico,2015,0,0,0
Mexico,2014,0,0,0
Mexico,2013,0,0,0
Mexico,2012,0,0,0
Mexico,2011,0,0,0
Mexico,2010,0,0,0
Mexico,2009,0,0,0
Mexico,2008,0,0,0
Mexico,2007,0,0,0
Mexico,2006,0,0,0
Mexico,2005,0,0,0
Mexico,2004,0,0,0
Mexico,2003,0,0,0
Mexico,2002,0,0,0
Mexico,2001,0,0,0
Mexico,2000,0,0,0
Micronesia (Federated States of),2015,0,0,0
Micronesia (Federated States of),2014,0,0,0
Micronesia (Federated States of),2013,0,0,0
Micronesia (Federated States of),2012,0,0,0
Micronesia (Federated States of),2011,0,0,0
Micronesia (Federated States of),2010,0,1,1
Micronesia (Federated States of),2009,0,1,1
Micronesia (Federated States of),2008,0,1,1
Micronesia (Federated States of),2007,0,1,1
Micronesia (Federated States of),2006,0,1,1
Micronesia (Federated States of),2005,0,1,1
Micronesia (Federated States of),2004,0,1,1
Micronesia (Federated States of),2003,0,1,1
Micronesia (Federated States of),2002,0,1,1
Micronesia (Federated States of),2001,0,1,1
Micronesia (Federated States of),2000,0,1,1
Monaco,2015,0,0,0
Monaco,2014,0,0,0
Monaco,2013,0,0,0
Monaco,2012,0,0,0
Monaco,2011,0,0,0
Monaco,2010,0,0,0
Monaco,2009,0,0,0
Monaco,2008,0,0,0
Monaco,2007,0,0,0
Monaco,2006,0,0,0
Monaco,2005,0,0,0
Monaco,2004,0,0,0
Monaco,2003,0,0,0
Monaco,2002,0,0,0
Monaco,2001,0,0,0
Monaco,2000,0,0,0
Mongolia,2015,0,0,0
Mongolia,2014,0,0,0
Mongolia,2013,0,0,0
Mongolia,2012,0,1,1
Mongolia,2011,0,2,2
Mongolia,2010,0,2,2
Mongolia,2009,0,2,2
Mongolia,2008,0,2,2
Mongolia,2007,0,3,3
Mongolia,2006,0,4,4
Mongolia,2005,0,5,5
Mongolia,2004,0,8,8
Mongolia,2003,0,14,14
Mongolia,2002,0,40,40
Mongolia,2001,0,34,34
Mongolia,2000,0,18,18
Montenegro,2015,0,0,0
Montenegro,2014,0,0,0
Montenegro,2013,0,0,0
Montenegro,2012,0,0,0
Montenegro,2011,0,0,0
Montenegro,2010,0,0,0
Montenegro,2009,0,0,0
Montenegro,2008,0,0,0
Montenegro,2007,0,0,0
Montenegro,2006,0,0,0
Montenegro,2005,0,0,0
Montenegro,2004,0,0,0
Montenegro,2003,0,0,0
Montenegro,2002,0,0,0
Montenegro,2001,0,0,0
Montenegro,2000,0,0,0
Morocco,2015,0,0,0
Morocco,2014,0,0,0
Morocco,2013,0,7,7
Morocco,2012,0,9,9
Morocco,2011,0,9,9
Morocco,2010,0,7,7
Morocco,2009,0,5,5
Morocco,2008,0,15,15
Morocco,2007,0,17,17
Morocco,2006,0,17,17
Morocco,2005,0,44,44
Morocco,2004,0,50,50
Morocco,2003,0,80,80
Morocco,2002,0,44,44
Morocco,2001,0,30,30
Morocco,2000,0,58,58
Mozambique,2015,0,267,267
Mozambique,2014,0,111,111
Mozambique,2013,0,312,312
Mozambique,2012,0,207,207
Mozambique,2011,0,846,846
Mozambique,2010,0,1511,1511
Mozambique,2009,0,149,149
Mozambique,2008,0,469,469
Mozambique,2007,0,405,405
Mozambique,2006,0,114,114
Mozambique,2005,0,8260,8260
Mozambique,2004,0,6159,6159
Mozambique,2003,0,6010,6010
Mozambique,2002,0,4745,4745
Mozambique,2001,0,4721,4721
Mozambique,2000,0,4834,4834
Myanmar,2015,0,873,873
Myanmar,2014,0,558,558
Myanmar,2013,0,1576,1576
Myanmar,2012,0,1603,1603
Myanmar,2011,0,1739,1739
Myanmar,2010,0,467,467
Myanmar,2009,0,656,656
Myanmar,2008,0,652,652
Myanmar,2007,0,2034,2034
Myanmar,2006,0,1477,1477
Myanmar,2005,0,1027,1027
Myanmar,2004,0,2466,2466
Myanmar,2003,0,1608,1608
Myanmar,2002,0,2178,2178
Myanmar,2001,0,4678,4678
Myanmar,2000,0,1454,1454
Namibia,2015,0,14,14
Namibia,2014,0,3,3
Namibia,2013,0,1,1
Namibia,2012,0,58,58
Namibia,2011,0,51,51
Namibia,2010,0,42,42
Namibia,2009,0,61,61
Namibia,2008,0,29,29
Namibia,2007,0,21,21
Namibia,2006,0,14,14
Namibia,2005,0,8,8
Namibia,2004,0,4,4
Namibia,2003,0,39,39
Namibia,2002,0,51,51
Namibia,2001,0,3,3
Namibia,2000,0,4,4
Nauru,2015,0,0,0
Nauru,2014,0,0,0
Nauru,2013,0,0,0
Nauru,2012,0,0,0
Nauru,2011,0,0,0
Nauru,2010,0,0,0
Nauru,2009,0,0,0
Nauru,2008,0,0,0
Nauru,2007,0,0,0
Nauru,2006,0,0,0
Nauru,2005,0,0,0
Nauru,2004,0,0,0
Nauru,2003,0,0,0
Nauru,2002,0,0,0
Nauru,2001,0,0,0
Nauru,2000,0,0,0
Nepal,2015,0,198,198
Nepal,2014,0,27,27
Nepal,2013,0,19,19
Nepal,2012,0,845,845
Nepal,2011,0,494,494
Nepal,2010,0,293,293
Nepal,2009,0,294,294
Nepal,2008,0,1028,1028
Nepal,2007,0,871,871
Nepal,2006,0,831,831
Nepal,2005,0,2040,2040
Nepal,2004,0,7455,7455
Nepal,2003,0,7197,7197
Nepal,2002,0,5040,5040
Nepal,2001,0,6409,6409
Nepal,2000,0,5549,5549
Netherlands,2015,0,0,0
Netherlands,2014,0,0,0
Netherlands,2013,0,0,0
Netherlands,2012,0,0,0
Netherlands,2011,0,0,0
Netherlands,2010,0,0,0
Netherlands,2009,0,0,0
Netherlands,2008,0,0,0
Netherlands,2007,0,0,0
Netherlands,2006,0,0,0
Netherlands,2005,0,0,0
Netherlands,2004,0,0,0
Netherlands,2003,0,0,0
Netherlands,2002,0,0,0
Netherlands,2001,0,0,0
Netherlands,2000,0,0,0
New Zealand,2015,0,0,0
New Zealand,2014,0,0,0
New Zealand,2013,0,0,0
New Zealand,2012,0,0,0
New Zealand,2011,0,0,0
New Zealand,2010,0,0,0
New Zealand,2009,0,0,0
New Zealand,2008,0,0,0
New Zealand,2007,0,0,0
New Zealand,2006,0,0,0
New Zealand,2005,0,0,0
New Zealand,2004,0,0,0
New Zealand,2003,0,0,0
New Zealand,2002,0,0,0
New Zealand,2001,0,0,0
New Zealand,2000,0,0,0
Nicaragua,2015,0,0,0
Nicaragua,2014,0,0,0
Nicaragua,2013,0,0,0
Nicaragua,2012,0,0,0
Nicaragua,2011,0,0,0
Nicaragua,2010,0,0,0
Nicaragua,2009,0,0,0
Nicaragua,2008,0,0,0
Nicaragua,2007,0,0,0
Nicaragua,2006,0,0,0
Nicaragua,2005,0,0,0
Nicaragua,2004,0,0,0
Nicaragua,2003,0,0,0
Nicaragua,2002,0,0,0
Nicaragua,2001,0,0,0
Nicaragua,2000,0,0,0
Niger,2015,0,134,134
Niger,2014,0,309,309
Niger,2013,0,34,34
Niger,2012,0,409,409
Niger,2011,0,215,215
Niger,2010,0,406,406
Niger,2009,0,188,188
Niger,2008,0,911,911
Niger,2007,0,716,716
Niger,2006,0,543,543
Niger,2005,0,328,328
Niger,2004,0,17057,17057
Niger,2003,0,14744,14744
Niger,2002,0,9337,9337
Niger,2001,0,17554,17554
Niger,2000,0,6433,6433
Nigeria,2015,0,9370,9370
Nigeria,2014,0,5323,5323
Nigeria,2013,0,36013,36013
Nigeria,2012,0,6320,6320
Nigeria,2011,0,22996,22996
Nigeria,2010,0,11104,11104
Nigeria,2009,0,2245,2245
Nigeria,2008,0,13998,13998
Nigeria,2007,0,5892,5892
Nigeria,2006,0,9596,9596
Nigeria,2005,0,114267,114267
Nigeria,2004,0,47704,47704
Nigeria,2003,0,149026,149026
Nigeria,2002,0,53120,53120
Nigeria,2001,0,114747,114747
Nigeria,2000,0,145518,145518
Niue,2015,0,0,0
Niue,2014,0,0,0
Niue,2013,0,0,0
Niue,2012,0,0,0
Niue,2011,0,0,0
Niue,2010,0,0,0
Niue,2009,0,0,0
Niue,2008,0,0,0
Niue,2007,0,0,0
Niue,2006,0,0,0
Niue,2005,0,0,0
Niue,2004,0,0,0
Niue,2003,0,0,0
Niue,2002,0,0,0
Niue,2001,0,0,0
Niue,2000,0,0,0
Norway,2015,0,0,0
Norway,2014,0,0,0
Norway,2013,0,0,0
Norway,2012,0,0,0
Norway,2011,0,0,0
Norway,2010,0,0,0
Norway,2009,0,0,0
Norway,2008,0,0,0
Norway,2007,0,0,0
Norway,2006,0,0,0
Norway,2005,0,0,0
Norway,2004,0,0,0
Norway,2003,0,0,0
Norway,2002,0,0,0
Norway,2001,0,0,0
Norway,2000,0,0,0
Oman,2015,0,0,0
Oman,2014,0,0,0
Oman,2013,0,0,0
Oman,2012,0,0,0
Oman,2011,0,0,0
Oman,2010,0,0,0
Oman,2009,0,0,0
Oman,2008,0,0,0
Oman,2007,0,0,0
Oman,2006,0,0,0
Oman,2005,0,0,0
Oman,2004,0,0,0
Oman,2003,0,0,0
Oman,2002,0,0,0
Oman,2001,0,0,0
Oman,2000,0,0,0
Pakistan,2015,0,3005,3005
Pakistan,2014,0,1216,1216
Pakistan,2013,0,7450,7450
Pakistan,2012,0,5176,5176
Pakistan,2011,0,3578,3578
Pakistan,2010,0,3020,3020
Pakistan,2009,0,647,647
Pakistan,2008,0,1318,1318
Pakistan,2007,0,3828,3828
Pakistan,2006,0,5175,5175
Pakistan,2005,0,3643,3643
Pakistan,2004,0,4514,4514
Pakistan,2003,0,4743,4743
Pakistan,2002,0,5353,5353
Pakistan,2001,0,5044,5044
Pakistan,2000,0,3891,3891
Palau,2015,0,0,0
Palau,2014,0,0,0
Palau,2013,0,0,0
Palau,2012,0,0,0
Palau,2011,0,0,0
Palau,2010,0,1,1
Palau,2009,0,0,0
Palau,2008,0,0,0
Palau,2007,0,0,0
Palau,2006,0,0,0
Palau,2005,0,0,0
Palau,2004,0,0,0
Palau,2003,0,0,0
Palau,2002,0,0,0
Palau,2001,0,0,0
Palau,2000,0,0,0
Panama,2015,0,0,0
Panama,2014,0,0,0
Panama,2013,0,0,0
Panama,2012,0,0,0
Panama,2011,0,0,0
Panama,2010,0,0,0
Panama,2009,0,0,0
Panama,2008,0,0,0
Panama,2007,0,0,0
Panama,2006,0,0,0
Panama,2005,0,0,0
Panama,2004,0,0,0
Panama,2003,0,0,0
Panama,2002,0,0,0
Panama,2001,0,0,0
Panama,2000,0,0,0
Papua New Guinea,2015,0,64,64
Papua New Guinea,2014,0,566,566
Papua New Guinea,2013,0,42,42
Papua New Guinea,2012,0,142,142
Papua New Guinea,2011,0,126,126
Papua New Guinea,2010,0,78,78
Papua New Guinea,2009,0,179,179
Papua New Guinea,2008,0,120,120
Papua New Guinea,2007,0,94,94
Papua New Guinea,2006,0,58,58
Papua New Guinea,2005,0,305,305
Papua New Guinea,2004,0,506,506
Papua New Guinea,2003,0,1060,1060
Papua New Guinea,2002,0,1808,1808
Papua New Guinea,2001,0,1388,1388
Papua New Guinea,2000,0,1147,1147
Paraguay,2015,0,0,0
Paraguay,2014,0,0,0
Paraguay,2013,0,0,0
Paraguay,2012,0,0,0
Paraguay,2011,0,0,0
Paraguay,2010,0,0,0
Paraguay,2009,0,0,0
Paraguay,2008,0,0,0
Paraguay,2007,0,0,0
Paraguay,2006,0,0,0
Paraguay,2005,0,0,0
Paraguay,2004,0,0,0
Paraguay,2003,0,0,0
Paraguay,2002,0,0,0
Paraguay,2001,0,0,0
Paraguay,2000,0,0,0
Peru,2015,0,0,0
Peru,2014,0,0,0
Peru,2013,0,0,0
Peru,2012,0,0,0
Peru,2011,0,0,0
Peru,2010,0,0,0
Peru,2009,0,0,0
Peru,2008,0,0,0
Peru,2007,0,0,0
Peru,2006,0,0,0
Peru,2005,0,0,0
Peru,2004,0,0,0
Peru,2003,0,0,0
Peru,2002,0,0,0
Peru,2001,0,0,0
Peru,2000,0,0,0
Philippines,2015,0,206,206
Philippines,2014,0,884,884
Philippines,2013,0,305,305
Philippines,2012,0,260,260
Philippines,2011,0,478,478
Philippines,2010,0,353,353
Philippines,2009,0,234,234
Philippines,2008,0,174,174
Philippines,2007,0,340,340
Philippines,2006,0,281,281
Philippines,2005,0,221,221
Philippines,2004,0,679,679
Philippines,2003,0,605,605
Philippines,2002,0,380,380
Philippines,2001,0,215,215
Philippines,2000,0,95,95
Poland,2015,0,0,0
Poland,2014,0,0,0
Poland,2013,0,0,0
Poland,2012,0,0,0
Poland,2011,0,0,0
Poland,2010,0,0,0
Poland,2009,0,0,0
Poland,2008,0,0,0
Poland,2007,0,0,0
Poland,2006,0,0,0
Poland,2005,0,0,0
Poland,2004,0,0,0
Poland,2003,0,0,0
Poland,2002,0,0,0
Poland,2001,0,0,0
Poland,2000,0,0,0
Portugal,2015,0,0,0
Portugal,2014,0,0,0
Portugal,2013,0,0,0
Portugal,2012,0,0,0
Portugal,2011,0,0,0
Portugal,2010,0,0,0
Portugal,2009,0,0,0
Portugal,2008,0,0,0
Portugal,2007,0,0,0
Portugal,2006,0,0,0
Portugal,2005,0,0,0
Portugal,2004,0,0,0
Portugal,2003,0,0,0
Portugal,2002,0,0,0
Portugal,2001,0,0,0
Portugal,2000,0,0,0
Qatar,2015,0,0,0
Qatar,2014,0,0,0
Qatar,2013,0,0,0
Qatar,2012,0,1,1
Qatar,2011,0,1,1
Qatar,2010,0,1,1
Qatar,2009,0,1,1
Qatar,2008,0,1,1
Qatar,2007,0,1,1
Qatar,2006,0,1,1
Qatar,2005,0,0,0
Qatar,2004,0,0,0
Qatar,2003,0,0,0
Qatar,2002,0,0,0
Qatar,2001,0,0,0
Qatar,2000,0,0,0
Republic of Korea,2015,0,0,0
Republic of Korea,2014,0,0,0
Republic of Korea,2013,0,0,0
Republic of Korea,2012,0,0,0
Republic of Korea,2011,0,2,2
Republic of Korea,2010,0,0,0
Republic of Korea,2009,0,0,0
Republic of Korea,2008,0,0,0
Republic of Korea,2007,0,0,0
Republic of Korea,2006,0,0,0
Republic of Korea,2005,0,0,0
Republic of Korea,2004,0,0,0
Republic of Korea,2003,0,0,0
Republic of Korea,2002,0,0,0
Republic of Korea,2001,0,9,9
Republic of Korea,2000,0,13,13
Republic of Moldova,2015,0,0,0
Republic of Moldova,2014,0,0,0
Republic of Moldova,2013,0,0,0
Republic of Moldova,2012,0,0,0
Republic of Moldova,2011,0,0,0
Republic of Moldova,2010,0,0,0
Republic of Moldova,2009,0,0,0
Republic of Moldova,2008,0,0,0
Republic of Moldova,2007,0,0,0
Republic of Moldova,2006,0,1,1
Republic of Moldova,2005,0,0,0
Republic of Moldova,2004,0,0,0
Republic of Moldova,2003,0,0,0
Republic of Moldova,2002,0,1,1
Republic of Moldova,2001,0,0,0
Republic of Moldova,2000,0,0,0
Romania,2015,0,1,1
Romania,2014,0,1,1
Romania,2013,0,1,1
Romania,2012,0,3,3
Romania,2011,0,0,0
Romania,2010,0,0,0
Romania,2009,0,0,0
Romania,2008,0,0,0
Romania,2007,0,0,0
Romania,2006,0,2,2
Romania,2005,0,9,9
Romania,2004,0,0,0
Romania,2003,0,0,0
Romania,2002,0,0,0
Romania,2001,0,0,0
Romania,2000,0,0,0
Russian Federation,2015,0,0,0
Russian Federation,2014,0,0,0
Russian Federation,2013,0,0,0
Russian Federation,2012,0,0,0
Russian Federation,2011,0,0,0
Russian Federation,2010,0,0,0
Russian Federation,2009,0,0,0
Russian Federation,2008,0,0,0
Russian Federation,2007,0,0,0
Russian Federation,2006,0,0,0
Russian Federation,2005,0,0,0
Russian Federation,2004,0,0,0
Russian Federation,2003,0,0,0
Russian Federation,2002,0,0,0
Russian Federation,2001,0,0,0
Russian Federation,2000,0,0,0
Rwanda,2015,0,31,31
Rwanda,2014,0,1,1
Rwanda,2013,0,93,93
Rwanda,2012,0,89,89
Rwanda,2011,0,72,72
Rwanda,2010,0,45,45
Rwanda,2009,0,86,86
Rwanda,2008,0,74,74
Rwanda,2007,0,45,45
Rwanda,2006,0,133,133
Rwanda,2005,0,80,80
Rwanda,2004,0,25,25
Rwanda,2003,0,415,415
Rwanda,2002,0,682,682
Rwanda,2001,0,453,453
Rwanda,2000,0,665,665
Saint Kitts and Nevis,2015,0,0,0
Saint Kitts and Nevis,2014,0,0,0
Saint Kitts and Nevis,2013,0,0,0
Saint Kitts and Nevis,2012,0,0,0
Saint Kitts and Nevis,2011,0,0,0
Saint Kitts and Nevis,2010,0,0,0
Saint Kitts and Nevis,2009,0,0,0
Saint Kitts and Nevis,2008,0,0,0
Saint Kitts and Nevis,2007,0,0,0
Saint Kitts and Nevis,2006,0,0,0
Saint Kitts and Nevis,2005,0,0,0
Saint Kitts and Nevis,2004,0,0,0
Saint Kitts and Nevis,2003,0,0,0
Saint Kitts and Nevis,2002,0,0,0
Saint Kitts and Nevis,2001,0,0,0
Saint Kitts and Nevis,2000,0,0,0
Saint Lucia,2015,0,0,0
Saint Lucia,2014,0,0,0
Saint Lucia,2013,0,0,0
Saint Lucia,2012,0,0,0
Saint Lucia,2011,0,0,0
Saint Lucia,2010,0,0,0
Saint Lucia,2009,0,0,0
Saint Lucia,2008,0,0,0
Saint Lucia,2007,0,0,0
Saint Lucia,2006,0,0,0
Saint Lucia,2005,0,0,0
Saint Lucia,2004,0,0,0
Saint Lucia,2003,0,0,0
Saint Lucia,2002,0,0,0
Saint Lucia,2001,0,0,0
Saint Lucia,2000,0,0,0
Saint Vincent and the Grenadines,2015,0,0,0
Saint Vincent and the Grenadines,2014,0,0,0
Saint Vincent and the Grenadines,2013,0,0,0
Saint Vincent and the Grenadines,2012,0,0,0
Saint Vincent and the Grenadines,2011,0,0,0
Saint Vincent and the Grenadines,2010,0,0,0
Saint Vincent and the Grenadines,2009,0,0,0
Saint Vincent and the Grenadines,2008,0,0,0
Saint Vincent and the Grenadines,2007,0,0,0
Saint Vincent and the Grenadines,2006,0,0,0
Saint Vincent and the Grenadines,2005,0,0,0
Saint Vincent and the Grenadines,2004,0,0,0
Saint Vincent and the Grenadines,2003,0,0,0
Saint Vincent and the Grenadines,2002,0,0,0
Saint Vincent and the Grenadines,2001,0,0,0
Saint Vincent and the Grenadines,2000,0,0,0
Samoa,2015,0,0,0
Samoa,2014,0,0,0
Samoa,2013,0,0,0
Samoa,2012,0,0,0
Samoa,2011,0,0,0
Samoa,2010,0,0,0
Samoa,2009,0,0,0
Samoa,2008,0,0,0
Samoa,2007,0,0,0
Samoa,2006,0,0,0
Samoa,2005,0,0,0
Samoa,2004,0,0,0
Samoa,2003,0,0,0
Samoa,2002,0,0,0
Samoa,2001,0,0,0
Samoa,2000,0,0,0
San Marino,2015,0,0,0
San Marino,2014,0,0,0
San Marino,2013,0,0,0
San Marino,2012,0,0,0
San Marino,2011,0,0,0
San Marino,2010,0,0,0
San Marino,2009,0,0,0
San Marino,2008,0,0,0
San Marino,2007,0,0,0
San Marino,2006,0,0,0
San Marino,2005,0,0,0
San Marino,2004,0,0,0
San Marino,2003,0,0,0
San Marino,2002,0,0,0
San Marino,2001,0,0,0
San Marino,2000,0,0,0
Sao Tome and Principe,2015,0,4,4
Sao Tome and Principe,2014,0,6,6
Sao Tome and Principe,2013,0,5,5
Sao Tome and Principe,2012,0,14,14
Sao Tome and Principe,2011,0,12,12
Sao Tome and Principe,2010,0,8,8
Sao Tome and Principe,2009,0,3,3
Sao Tome and Principe,2008,0,0,0
Sao Tome and Principe,2007,0,19,19
Sao Tome and Principe,2006,0,18,18
Sao Tome and Principe,2005,0,16,16
Sao Tome and Principe,2004,0,17,17
Sao Tome and Principe,2003,0,16,16
Sao Tome and Principe,2002,0,13,13
Sao Tome and Principe,2001,0,8,8
Sao Tome and Principe,2000,0,1,1
Saudi Arabia,2015,0,0,0
Saudi Arabia,2014,0,0,0
Saudi Arabia,2013,0,1,1
Saudi Arabia,2012,0,0,0
Saudi Arabia,2011,0,1,1
Saudi Arabia,2010,0,1,1
Saudi Arabia,2009,0,1,1
Saudi Arabia,2008,0,0,0
Saudi Arabia,2007,0,10,10
Saudi Arabia,2006,0,3,3
Saudi Arabia,2005,0,2,2
Saudi Arabia,2004,0,7,7
Saudi Arabia,2003,0,5,5
Saudi Arabia,2002,0,4,4
Saudi Arabia,2001,0,6,6
Saudi Arabia,2000,0,18,18
Senegal,2015,0,167,167
Senegal,2014,0,5,5
Senegal,2013,0,388,388
Senegal,2012,0,404,404
Senegal,2011,0,407,407
Senegal,2010,0,676,676
Senegal,2009,0,769,769
Senegal,2008,0,246,246
Senegal,2007,0,90,90
Senegal,2006,0,274,274
Senegal,2005,0,218,218
Senegal,2004,0,29,29
Senegal,2003,0,3162,3162
Senegal,2002,0,16141,16141
Senegal,2001,0,8733,8733
Senegal,2000,0,4109,4109
Serbia,2015,0,0,0
Serbia,2014,0,0,0
Serbia,2013,0,0,0
Serbia,2012,0,0,0
Serbia,2011,0,0,0
Serbia,2010,0,0,0
Serbia,2009,0,0,0
Serbia,2008,0,0,0
Serbia,2007,0,0,0
Serbia,2006,0,0,0
Serbia,2005,0,0,0
Serbia,2004,0,0,0
Serbia,2003,0,0,0
Serbia,2002,0,0,0
Serbia,2001,0,0,0
Serbia,2000,0,0,0
Seychelles,2015,0,0,0
Seychelles,2014,0,0,0
Seychelles,2013,0,0,0
Seychelles,2012,0,0,0
Seychelles,2011,0,0,0
Seychelles,2010,0,0,0
Seychelles,2009,0,0,0
Seychelles,2008,0,0,0
Seychelles,2007,0,0,0
Seychelles,2006,0,0,0
Seychelles,2005,0,0,0
Seychelles,2004,0,0,0
Seychelles,2003,0,0,0
Seychelles,2002,0,0,0
Seychelles,2001,0,0,0
Seychelles,2000,0,0,0
Sierra Leone,2015,0,550,550
Sierra Leone,2014,0,5213,5213
Sierra Leone,2013,0,178,178
Sierra Leone,2012,0,2909,2909
Sierra Leone,2011,0,9131,9131
Sierra Leone,2010,0,10671,10671
Sierra Leone,2009,0,445,445
Sierra Leone,2008,0,423,423
Sierra Leone,2007,0,130,130
Sierra Leone,2006,0,523,523
Sierra Leone,2005,0,319,319
Sierra Leone,2004,0,42,42
Sierra Leone,2003,0,3071,3071
Sierra Leone,2002,0,3013,3013
Sierra Leone,2001,0,3426,3426
Sierra Leone,2000,0,7276,7276
Singapore,2015,0,0,0
Singapore,2014,0,0,0
Singapore,2013,0,0,0
Singapore,2012,0,0,0
Singapore,2011,0,0,0
Singapore,2010,0,0,0
Singapore,2009,0,0,0
Singapore,2008,0,0,0
Singapore,2007,0,0,0
Singapore,2006,0,0,0
Singapore,2005,0,0,0
Singapore,2004,0,0,0
Singapore,2003,0,0,0
Singapore,2002,0,0,0
Singapore,2001,0,0,0
Singapore,2000,0,0,0
Slovakia,2015,0,0,0
Slovakia,2014,0,0,0
Slovakia,2013,0,0,0
Slovakia,2012,0,0,0
Slovakia,2011,0,0,0
Slovakia,2010,0,0,0
Slovakia,2009,0,0,0
Slovakia,2008,0,0,0
Slovakia,2007,0,0,0
Slovakia,2006,0,0,0
Slovakia,2005,0,0,0
Slovakia,2004,0,0,0
Slovakia,2003,0,0,0
Slovakia,2002,0,0,0
Slovakia,2001,0,0,0
Slovakia,2000,0,0,0
Slovenia,2015,0,0,0
Slovenia,2014,0,0,0
Slovenia,2013,0,0,0
Slovenia,2012,0,0,0
Slovenia,2011,0,0,0
Slovenia,2010,0,0,0
Slovenia,2009,0,0,0
Slovenia,2008,0,0,0
Slovenia,2007,0,0,0
Slovenia,2006,0,0,0
Slovenia,2005,0,0,0
Slovenia,2004,0,0,0
Slovenia,2003,0,0,0
Slovenia,2002,0,0,0
Slovenia,2001,0,0,0
Slovenia,2000,0,0,0
Solomon Islands,2015,0,0,0
Solomon Islands,2014,0,0,0
Solomon Islands,2013,0,0,0
Solomon Islands,2012,0,0,0
Solomon Islands,2011,0,0,0
Solomon Islands,2010,0,0,0
Solomon Islands,2009,0,0,0
Solomon Islands,2008,0,0,0
Solomon Islands,2007,0,0,0
Solomon Islands,2006,0,0,0
Solomon Islands,2005,0,0,0
Solomon Islands,2004,0,0,0
Solomon Islands,2003,0,0,0
Solomon Islands,2002,0,0,0
Solomon Islands,2001,0,0,0
Solomon Islands,2000,0,0,0
Somalia,2015,0,3052,3052
Somalia,2014,0,9630,9630
Somalia,2013,0,14395,14395
Somalia,2012,0,9569,9569
Somalia,2011,0,15667,15667
Somalia,2010,0,813,813
Somalia,2009,0,380,380
Somalia,2008,0,5146,5146
Somalia,2007,0,5428,5428
Somalia,2006,0,180,180
Somalia,2005,0,9141,9141
Somalia,2004,0,11353,11353
Somalia,2003,0,7827,7827
Somalia,2002,0,9035,9035
Somalia,2001,0,16706,16706
Somalia,2000,0,18462,18462
South Africa,2015,0,513,513
South Africa,2014,0,157,157
South Africa,2013,0,641,641
South Africa,2012,0,812,812
South Africa,2011,0,1413,1413
South Africa,2010,0,3392,3392
South Africa,2009,0,736,736
South Africa,2008,0,145,145
South Africa,2007,0,422,422
South Africa,2006,0,380,380
South Africa,2005,0,299,299
South Africa,2004,0,692,692
South Africa,2003,0,567,567
South Africa,2002,0,600,600
South Africa,2001,0,361,361
South Africa,2000,0,543,543
South Sudan,2015,0,293,293
South Sudan,2014,0,9,9
South Sudan,2013,0,1104,1104
South Sudan,2012,0,899,899
South Sudan,2011,0,555,555
South Sudan,2010,0,352,352
South Sudan,2009,0,196,196
South Sudan,2008,0,216,216
South Sudan,2007,0,234,234
South Sudan,2006,0,286,286
South Sudan,2005,0,473,473
South Sudan,2004,0,911,911
South Sudan,2003,0,2456,2456
South Sudan,2002,0,2530,2530
South Sudan,2001,0,2381,2381
South Sudan,2000,0,1739,1739
Spain,2015,0,0,0
Spain,2014,0,0,0
Spain,2013,0,0,0
Spain,2012,0,0,0
Spain,2011,0,0,0
Spain,2010,0,0,0
Spain,2009,0,0,0
Spain,2008,0,0,0
Spain,2007,0,0,0
Spain,2006,0,0,0
Spain,2005,0,0,0
Spain,2004,0,0,0
Spain,2003,0,0,0
Spain,2002,0,0,0
Spain,2001,0,0,0
Spain,2000,0,0,0
Sri Lanka,2015,0,0,0
Sri Lanka,2014,0,0,0
Sri Lanka,2013,0,0,0
Sri Lanka,2012,0,0,0
Sri Lanka,2011,0,0,0
Sri Lanka,2010,0,0,0
Sri Lanka,2009,0,0,0
Sri Lanka,2008,0,0,0
Sri Lanka,2007,0,0,0
Sri Lanka,2006,0,0,0
Sri Lanka,2005,0,0,0
Sri Lanka,2004,0,0,0
Sri Lanka,2003,0,0,0
Sri Lanka,2002,0,0,0
Sri Lanka,2001,0,0,0
Sri Lanka,2000,0,0,0
Sudan,2015,0,1103,1103
Sudan,2014,0,35,35
Sudan,2013,0,4155,4155
Sudan,2012,0,3383,3383
Sudan,2011,0,2089,2089
Sudan,2010,0,1322,1322
Sudan,2009,0,739,739
Sudan,2008,0,811,811
Sudan,2007,0,880,880
Sudan,2006,0,1077,1077
Sudan,2005,0,1781,1781
Sudan,2004,0,3428,3428
Sudan,2003,0,9239,9239
Sudan,2002,0,9519,9519
Sudan,2001,0,8958,8958
Sudan,2000,0,6541,6541
Suriname,2015,0,0,0
Suriname,2014,0,0,0
Suriname,2013,0,0,0
Suriname,2012,0,0,0
Suriname,2011,0,0,0
Suriname,2010,0,0,0
Suriname,2009,0,0,0
Suriname,2008,0,0,0
Suriname,2007,0,0,0
Suriname,2006,0,0,0
Suriname,2005,0,0,0
Suriname,2004,0,0,0
Suriname,2003,0,0,0
Suriname,2002,0,0,0
Suriname,2001,0,0,0
Suriname,2000,0,0,0
Swaziland,2015,0,0,0
Swaziland,2014,0,0,0
Swaziland,2013,0,1,1
Swaziland,2012,0,1,1
Swaziland,2011,0,0,0
Swaziland,2010,0,0,0
Swaziland,2009,0,1,1
Swaziland,2008,0,0,0
Swaziland,2007,0,0,0
Swaziland,2006,0,1,1
Swaziland,2005,0,1,1
Swaziland,2004,0,1,1
Swaziland,2003,0,0,0
Swaziland,2002,0,1,1
Swaziland,2001,0,1,1
Swaziland,2000,0,0,0
Sweden,2015,0,0,0
Sweden,2014,0,0,0
Sweden,2013,0,0,0
Sweden,2012,0,0,0
Sweden,2011,0,0,0
Sweden,2010,0,0,0
Sweden,2009,0,0,0
Sweden,2008,0,0,0
Sweden,2007,0,0,0
Sweden,2006,0,0,0
Sweden,2005,0,0,0
Sweden,2004,0,0,0
Sweden,2003,0,0,0
Sweden,2002,0,0,0
Sweden,2001,0,0,0
Sweden,2000,0,0,0
Switzerland,2015,0,0,0
Switzerland,2014,0,0,0
Switzerland,2013,0,0,0
Switzerland,2012,0,0,0
Switzerland,2011,0,0,0
Switzerland,2010,0,0,0
Switzerland,2009,0,0,0
Switzerland,2008,0,0,0
Switzerland,2007,0,0,0
Switzerland,2006,0,0,0
Switzerland,2005,0,0,0
Switzerland,2004,0,0,0
Switzerland,2003,0,0,0
Switzerland,2002,0,0,0
Switzerland,2001,0,0,0
Switzerland,2000,0,0,0
Syrian Arab Republic,2015,0,122,122
Syrian Arab Republic,2014,0,140,140
Syrian Arab Republic,2013,0,120,120
Syrian Arab Republic,2012,0,156,156
Syrian Arab Republic,2011,0,121,121
Syrian Arab Republic,2010,0,105,105
Syrian Arab Republic,2009,0,115,115
Syrian Arab Republic,2008,0,29,29
Syrian Arab Republic,2007,0,117,117
Syrian Arab Republic,2006,0,113,113
Syrian Arab Republic,2005,0,123,123
Syrian Arab Republic,2004,0,80,80
Syrian Arab Republic,2003,0,128,128
Syrian Arab Republic,2002,0,104,104
Syrian Arab Republic,2001,0,111,111
Syrian Arab Republic,2000,0,17,17
Tajikistan,2015,0,0,0
Tajikistan,2014,0,0,0
Tajikistan,2013,0,0,0
Tajikistan,2012,0,0,0
Tajikistan,2011,0,0,0
Tajikistan,2010,0,0,0
Tajikistan,2009,0,0,0
Tajikistan,2008,0,0,0
Tajikistan,2007,0,0,0
Tajikistan,2006,0,0,0
Tajikistan,2005,0,0,0
Tajikistan,2004,0,3,3
Tajikistan,2003,0,4,4
Tajikistan,2002,0,3,3
Tajikistan,2001,0,4,4
Tajikistan,2000,0,5,5
Thailand,2015,0,34,34
Thailand,2014,0,11,11
Thailand,2013,0,36,36
Thailand,2012,0,64,64
Thailand,2011,0,37,37
Thailand,2010,0,37,37
Thailand,2009,0,75,75
Thailand,2008,0,96,96
Thailand,2007,0,47,47
Thailand,2006,0,43,43
Thailand,2005,0,43,43
Thailand,2004,0,48,48
Thailand,2003,0,57,57
Thailand,2002,0,80,80
Thailand,2001,0,93,93
Thailand,2000,0,50,50
The former Yugoslav republic of Macedonia,2015,0,0,0
The former Yugoslav republic of Macedonia,2014,0,0,0
The former Yugoslav republic of Macedonia,2013,0,0,0
The former Yugoslav republic of Macedonia,2012,0,0,0
The former Yugoslav republic of Macedonia,2011,0,0,0
The former Yugoslav republic of Macedonia,2010,0,0,0
The former Yugoslav republic of Macedonia,2009,0,0,0
The former Yugoslav republic of Macedonia,2008,0,0,0
The former Yugoslav republic of Macedonia,2007,0,0,0
The former Yugoslav republic of Macedonia,2006,0,0,0
The former Yugoslav republic of Macedonia,2005,0,0,0
The former Yugoslav republic of Macedonia,2004,0,0,0
The former Yugoslav republic of Macedonia,2003,0,0,0
The former Yugoslav republic of Macedonia,2002,0,0,0
The former Yugoslav republic of Macedonia,2001,0,0,0
The former Yugoslav republic of Macedonia,2000,0,0,0
Timor-Leste,2015,0,0,0
Timor-Leste,2014,0,0,0
Timor-Leste,2013,0,0,0
Timor-Leste,2012,0,0,0
Timor-Leste,2011,0,0,0
Timor-Leste,2010,0,0,0
Timor-Leste,2009,0,0,0
Timor-Leste,2008,0,0,0
Timor-Leste,2007,0,0,0
Timor-Leste,2006,0,0,0
Timor-Leste,2005,0,0,0
Timor-Leste,2004,0,0,0
Timor-Leste,2003,0,0,0
Timor-Leste,2002,0,0,0
Timor-Leste,2001,0,0,0
Timor-Leste,2000,0,0,0
Togo,2015,0,85,85
Togo,2014,0,109,109
Togo,2013,0,389,389
Togo,2012,0,219,219
Togo,2011,0,101,101
Togo,2010,0,219,219
Togo,2009,0,158,158
Togo,2008,0,246,246
Togo,2007,0,145,145
Togo,2006,0,97,97
Togo,2005,0,45,45
Togo,2004,0,227,227
Togo,2003,0,205,205
Togo,2002,0,20,20
Togo,2001,0,1647,1647
Togo,2000,0,2435,2435
Tonga,2015,0,0,0
Tonga,2014,0,0,0
Tonga,2013,0,0,0
Tonga,2012,0,0,0
Tonga,2011,0,0,0
Tonga,2010,0,0,0
Tonga,2009,0,0,0
Tonga,2008,0,0,0
Tonga,2007,0,0,0
Tonga,2006,0,0,0
Tonga,2005,0,0,0
Tonga,2004,0,0,0
Tonga,2003,0,0,0
Tonga,2002,0,0,0
Tonga,2001,0,0,0
Tonga,2000,0,0,0
Trinidad and Tobago,2015,0,0,0
Trinidad and Tobago,2014,0,0,0
Trinidad and Tobago,2013,0,0,0
Trinidad and Tobago,2012,0,0,0
Trinidad and Tobago,2011,0,0,0
Trinidad and Tobago,2010,0,0,0
Trinidad and Tobago,2009,0,0,0
Trinidad and Tobago,2008,0,0,0
Trinidad and Tobago,2007,0,0,0
Trinidad and Tobago,2006,0,0,0
Trinidad and Tobago,2005,0,0,0
Trinidad and Tobago,2004,0,0,0
Trinidad and Tobago,2003,0,0,0
Trinidad and Tobago,2002,0,0,0
Trinidad and Tobago,2001,0,0,0
Trinidad and Tobago,2000,0,0,0
Tunisia,2015,0,0,0
Tunisia,2014,0,0,0
Tunisia,2013,0,0,0
Tunisia,2012,0,0,0
Tunisia,2011,0,0,0
Tunisia,2010,0,0,0
Tunisia,2009,0,0,0
Tunisia,2008,0,0,0
Tunisia,2007,0,0,0
Tunisia,2006,0,0,0
Tunisia,2005,0,0,0
Tunisia,2004,0,0,0
Tunisia,2003,0,0,0
Tunisia,2002,0,0,0
Tunisia,2001,0,0,0
Tunisia,2000,0,0,0
Turkey,2015,0,1,1
Turkey,2014,0,1,1
Turkey,2013,0,3,3
Turkey,2012,0,0,0
Turkey,2011,0,0,0
Turkey,2010,0,0,0
Turkey,2009,0,0,0
Turkey,2008,0,0,0
Turkey,2007,0,0,0
Turkey,2006,0,0,0
Turkey,2005,0,0,0
Turkey,2004,0,0,0
Turkey,2003,0,0,0
Turkey,2002,0,0,0
Turkey,2001,0,0,0
Turkey,2000,0,0,0
Turkmenistan,2015,0,0,0
Turkmenistan,2014,0,0,0
Turkmenistan,2013,0,0,0
Turkmenistan,2012,0,0,0
Turkmenistan,2011,0,0,0
Turkmenistan,2010,0,0,0
Turkmenistan,2009,0,0,0
Turkmenistan,2008,0,0,0
Turkmenistan,2007,0,0,0
Turkmenistan,2006,0,0,0
Turkmenistan,2005,0,0,0
Turkmenistan,2004,0,0,0
Turkmenistan,2003,0,0,0
Turkmenistan,2002,0,0,0
Turkmenistan,2001,0,0,0
Turkmenistan,2000,0,0,0
Tuvalu,2015,0,0,0
Tuvalu,2014,0,0,0
Tuvalu,2013,0,0,0
Tuvalu,2012,0,0,0
Tuvalu,2011,0,0,0
Tuvalu,2010,0,0,0
Tuvalu,2009,0,0,0
Tuvalu,2008,0,0,0
Tuvalu,2007,0,0,0
Tuvalu,2006,0,0,0
Tuvalu,2005,0,0,0
Tuvalu,2004,0,0,0
Tuvalu,2003,0,0,0
Tuvalu,2002,0,0,0
Tuvalu,2001,0,0,0
Tuvalu,2000,0,0,0
Uganda,2015,0,103,103
Uganda,2014,0,180,180
Uganda,2013,0,148,148
Uganda,2012,0,381,381
Uganda,2011,0,268,268
Uganda,2010,0,135,135
Uganda,2009,0,595,595
Uganda,2008,0,535,535
Uganda,2007,0,457,457
Uganda,2006,0,249,249
Uganda,2005,0,83,83
Uganda,2004,0,28,28
Uganda,2003,0,9578,9578
Uganda,2002,0,12668,12668
Uganda,2001,0,8243,8243
Uganda,2000,0,11756,11756
Ukraine,2015,0,22,22
Ukraine,2014,0,28,28
Ukraine,2013,0,30,30
Ukraine,2012,0,32,32
Ukraine,2011,0,29,29
Ukraine,2010,0,30,30
Ukraine,2009,0,19,19
Ukraine,2008,0,21,21
Ukraine,2007,0,23,23
Ukraine,2006,0,24,24
Ukraine,2005,0,13,13
Ukraine,2004,0,13,13
Ukraine,2003,0,14,14
Ukraine,2002,0,15,15
Ukraine,2001,0,14,14
Ukraine,2000,0,11,11
United Arab Emirates,2015,0,0,0
United Arab Emirates,2014,0,0,0
United Arab Emirates,2013,0,0,0
United Arab Emirates,2012,0,0,0
United Arab Emirates,2011,0,0,0
United Arab Emirates,2010,0,0,0
United Arab Emirates,2009,0,0,0
United Arab Emirates,2008,0,0,0
United Arab Emirates,2007,0,0,0
United Arab Emirates,2006,0,0,0
United Arab Emirates,2005,0,0,0
United Arab Emirates,2004,0,0,0
United Arab Emirates,2003,0,0,0
United Arab Emirates,2002,0,0,0
United Arab Emirates,2001,0,0,0
United Arab Emirates,2000,0,0,0
United Kingdom of Great Britain and Northern Ireland,2015,0,0,0
United Kingdom of Great Britain and Northern Ireland,2014,0,0,0
United Kingdom of Great Britain and Northern Ireland,2013,0,0,0
United Kingdom of Great Britain and Northern Ireland,2012,0,0,0
United Kingdom of Great Britain and Northern Ireland,2011,0,0,0
United Kingdom of Great Britain and Northern Ireland,2010,0,0,0
United Kingdom of Great Britain and Northern Ireland,2009,0,0,0
United Kingdom of Great Britain and Northern Ireland,2008,0,0,0
United Kingdom of Great Britain and Northern Ireland,2007,0,0,0
United Kingdom of Great Britain and Northern Ireland,2006,0,0,0
United Kingdom of Great Britain and Northern Ireland,2005,0,0,0
United Kingdom of Great Britain and Northern Ireland,2004,0,0,0
United Kingdom of Great Britain and Northern Ireland,2003,0,0,0
United Kingdom of Great Britain and Northern Ireland,2002,0,1,1
United Kingdom of Great Britain and Northern Ireland,2001,0,0,0
United Kingdom of Great Britain and Northern Ireland,2000,0,0,0
United Republic of Tanzania,2015,0,431,431
United Republic of Tanzania,2014,0,464,464
United Republic of Tanzania,2013,0,462,462
United Republic of Tanzania,2012,0,347,347
United Republic of Tanzania,2011,0,974,974
United Republic of Tanzania,2010,0,936,936
United Republic of Tanzania,2009,0,1119,1119
United Republic of Tanzania,2008,0,1270,1270
United Republic of Tanzania,2007,0,1235,1235
United Republic of Tanzania,2006,0,389,389
United Republic of Tanzania,2005,0,812,812
United Republic of Tanzania,2004,0,970,970
United Republic of Tanzania,2003,0,1260,1260
United Republic of Tanzania,2002,0,1723,1723
United Republic of Tanzania,2001,0,3319,3319
United Republic of Tanzania,2000,0,3521,3521
United States of America,2015,0,0,0
United States of America,2014,0,0,0
United States of America,2013,0,0,0
United States of America,2012,0,0,0
United States of America,2011,0,0,0
United States of America,2010,0,0,0
United States of America,2009,0,0,0
United States of America,2008,0,0,0
United States of America,2007,0,0,0
United States of America,2006,0,0,0
United States of America,2005,0,2,2
United States of America,2004,0,0,0
United States of America,2003,0,2,2
United States of America,2002,0,0,0
United States of America,2001,0,0,0
United States of America,2000,0,2,2
Uruguay,2015,0,0,0
Uruguay,2014,0,0,0
Uruguay,2013,0,0,0
Uruguay,2012,0,0,0
Uruguay,2011,0,0,0
Uruguay,2010,0,0,0
Uruguay,2009,0,0,0
Uruguay,2008,0,0,0
Uruguay,2007,0,0,0
Uruguay,2006,0,0,0
Uruguay,2005,0,0,0
Uruguay,2004,0,0,0
Uruguay,2003,0,0,0
Uruguay,2002,0,0,0
Uruguay,2001,0,0,0
Uruguay,2000,0,0,0
Uzbekistan,2015,0,0,0
Uzbekistan,2014,0,0,0
Uzbekistan,2013,0,0,0
Uzbekistan,2012,0,0,0
Uzbekistan,2011,0,8,8
Uzbekistan,2010,0,1,1
Uzbekistan,2009,0,0,0
Uzbekistan,2008,0,0,0
Uzbekistan,2007,0,17,17
Uzbekistan,2006,0,16,16
Uzbekistan,2005,0,13,13
Uzbekistan,2004,0,2,2
Uzbekistan,2003,0,2,2
Uzbekistan,2002,0,2,2
Uzbekistan,2001,0,2,2
Uzbekistan,2000,0,5,5
Vanuatu,2015,0,2,2
Vanuatu,2014,0,1,1
Vanuatu,2013,0,1,1
Vanuatu,2012,0,1,1
Vanuatu,2011,0,1,1
Vanuatu,2010,0,0,0
Vanuatu,2009,0,1,1
Vanuatu,2008,0,1,1
Vanuatu,2007,0,0,0
Vanuatu,2006,0,2,2
Vanuatu,2005,0,2,2
Vanuatu,2004,0,6,6
Vanuatu,2003,0,4,4
Vanuatu,2002,0,2,2
Vanuatu,2001,0,1,1
Vanuatu,2000,0,0,0
Venezuela (Bolivarian Republic of),2015,0,0,0
Venezuela (Bolivarian Republic of),2014,0,0,0
Venezuela (Bolivarian Republic of),2013,0,0,0
Venezuela (Bolivarian Republic of),2012,0,0,0
Venezuela (Bolivarian Republic of),2011,0,0,0
Venezuela (Bolivarian Republic of),2010,0,0,0
Venezuela (Bolivarian Republic of),2009,0,0,0
Venezuela (Bolivarian Republic of),2008,0,0,0
Venezuela (Bolivarian Republic of),2007,0,0,0
Venezuela (Bolivarian Republic of),2006,0,0,0
Venezuela (Bolivarian Republic of),2005,0,0,0
Venezuela (Bolivarian Republic of),2004,0,0,0
Venezuela (Bolivarian Republic of),2003,0,0,0
Venezuela (Bolivarian Republic of),2002,0,2,2
Venezuela (Bolivarian Republic of),2001,0,0,0
Venezuela (Bolivarian Republic of),2000,0,0,0
Viet Nam,2015,0,244,244
Viet Nam,2014,0,2165,2165
Viet Nam,2013,0,332,332
Viet Nam,2012,0,310,310
Viet Nam,2011,0,320,320
Viet Nam,2010,0,831,831
Viet Nam,2009,0,952,952
Viet Nam,2008,0,446,446
Viet Nam,2007,0,616,616
Viet Nam,2006,0,696,696
Viet Nam,2005,0,504,504
Viet Nam,2004,0,458,458
Viet Nam,2003,0,1034,1034
Viet Nam,2002,0,2108,2108
Viet Nam,2001,0,2429,2429
Viet Nam,2000,0,2992,2992
Yemen,2015,0,134,134
Yemen,2014,0,189,189
Yemen,2013,0,77,77
Yemen,2012,0,598,598
Yemen,2011,0,604,604
Yemen,2010,0,167,167
Yemen,2009,0,98,98
Yemen,2008,0,52,52
Yemen,2007,0,10,10
Yemen,2006,0,2000,2000
Yemen,2005,0,1758,1758
Yemen,2004,0,3144,3144
Yemen,2003,0,2149,2149
Yemen,2002,0,539,539
Yemen,2001,0,790,790
Yemen,2000,0,3401,3401
Zambia,2015,0,119,119
Zambia,2014,0,70,70
Zambia,2013,0,7,7
Zambia,2012,0,740,740
Zambia,2011,0,1736,1736
Zambia,2010,0,2230,2230
Zambia,2009,0,151,151
Zambia,2008,0,85,85
Zambia,2007,0,214,214
Zambia,2006,0,218,218
Zambia,2005,0,99,99
Zambia,2004,0,6,6
Zambia,2003,0,714,714
Zambia,2002,0,3280,3280
Zambia,2001,0,2128,2128
Zambia,2000,0,3616,3616
Zimbabwe,2015,0,156,156
Zimbabwe,2014,0,155,155
Zimbabwe,2013,0,110,110
Zimbabwe,2012,0,399,399
Zimbabwe,2011,0,492,492
Zimbabwe,2010,0,523,523
Zimbabwe,2009,0,371,371
Zimbabwe,2008,0,240,240
Zimbabwe,2007,0,130,130
Zimbabwe,2006,0,462,462
Zimbabwe,2005,0,379,379
Zimbabwe,2004,0,253,253
Zimbabwe,2003,0,138,138
Zimbabwe,2002,0,336,336
Zimbabwe,2001,0,232,232
Zimbabwe,2000,0,124,124
