Drug,Public/Private,Unit/MPR,Country,Year,Price
Amitriptyline,Private,MPR,Afghanistan,2011,2.32
Amitriptyline,Public,MPR,Afghanistan,2011,1.78
Amoxicillin,Private,MPR,Afghanistan,2011,1.86
Amoxicillin,Public,MPR,Afghanistan,2011,1.53
Atenolol,Private,MPR,Afghanistan,2011,1.83
Atenolol,Public,MPR,Afghanistan,2011,1.49
Captopril,Private,MPR,Afghanistan,2011,1.61
Captopril,Public,MPR,Afghanistan,2011,1.27
Ceftriaxone,Private,MPR,Afghanistan,2011,1.76
Ceftriaxone,Public,MPR,Afghanistan,2011,1.32
Ciprofloxacin,Private,MPR,Afghanistan,2011,3.3
Ciprofloxacin,Public,MPR,Afghanistan,2011,2.31
Co-trimoxazole,Private,MPR,Afghanistan,2011,2.16
Co-trimoxazole,Public,MPR,Afghanistan,2011,1.68
Diazepam,Private,MPR,Afghanistan,2011,3.31
Diazepam,Public,MPR,Afghanistan,2011,2.48
Diclofenac,Private,MPR,Afghanistan,2011,5.21
Diclofenac,Public,MPR,Afghanistan,2011,3.19
Glibenclamide,Private,MPR,Afghanistan,2011,4.16
Glibenclamide,Public,MPR,Afghanistan,2011,3.71
Omeprazole,Private,MPR,Afghanistan,2011,2.02
Omeprazole,Public,MPR,Afghanistan,2011,0.4
Paracetamol,Private,MPR,Afghanistan,2011,2.12
Paracetamol,Public,MPR,Afghanistan,2011,2.12
Salbutamol,Private,MPR,Afghanistan,2011,1.07
Salbutamol,Public,MPR,Afghanistan,2011,0.95
Simvastatin,Private,MPR,Afghanistan,2011,1.84
Simvastatin,Public,MPR,Afghanistan,2011,1.38
Amitriptyline,Private,MPR,Armenia,2001,3.13
Atenolol,Private,MPR,Armenia,2001,6.82
Captopril,Private,MPR,Armenia,2001,1.97
Ceftriaxone,Private,MPR,Armenia,2001,2.3
Ciprofloxacin,Private,MPR,Armenia,2001,6.74
Co-trimoxazole,Private,MPR,Armenia,2001,7.82
Diclofenac,Private,MPR,Armenia,2001,3.27
Omeprazole,Private,MPR,Armenia,2001,0.48
Salbutamol,Private,MPR,Armenia,2001,1.5
Amitriptyline,Private,MPR,Bolivia,2008,8.32
Amitriptyline,Public,MPR,Bolivia,2008,6.24
Amoxicillin,Private,MPR,Bolivia,2008,2.27
Amoxicillin,Public,MPR,Bolivia,2008,1.81
Atenolol,Private,MPR,Bolivia,2008,6.15
Atenolol,Public,MPR,Bolivia,2008,3.51
Ceftriaxone,Private,MPR,Bolivia,2008,1.88
Ceftriaxone,Public,MPR,Bolivia,2008,1.56
Ciprofloxacin,Private,MPR,Bolivia,2008,4.42
Ciprofloxacin,Public,MPR,Bolivia,2008,3.09
Co-trimoxazole,Private,MPR,Bolivia,2008,3.98
Co-trimoxazole,Public,MPR,Bolivia,2008,4.42
Diazepam,Private,MPR,Bolivia,2008,27.73
Diazepam,Public,MPR,Bolivia,2008,8.32
Diclofenac,Private,MPR,Bolivia,2008,7.86
Diclofenac,Public,MPR,Bolivia,2008,6.29
Glibenclamide,Private,MPR,Bolivia,2008,13.03
Glibenclamide,Public,MPR,Bolivia,2008,7.44
Omeprazole,Private,MPR,Bolivia,2008,3.33
Omeprazole,Public,MPR,Bolivia,2008,2
Paracetamol,Private,MPR,Bolivia,2008,5.77
Paracetamol,Public,MPR,Bolivia,2008,3.1
Salbutamol,Private,MPR,Bolivia,2008,2.36
Salbutamol,Public,MPR,Bolivia,2008,1.71
Amitriptyline,Private,MPR,"Brazil, Rio Grande do Sul State",2008,25.35
Amitriptyline,Public,MPR,"Brazil, Rio Grande do Sul State",2008,free
Amoxicillin,Private,MPR,"Brazil, Rio Grande do Sul State",2008,6.45
Amoxicillin,Public,MPR,"Brazil, Rio Grande do Sul State",2008,free
Atenolol,Private,MPR,"Brazil, Rio Grande do Sul State",2008,10.89
Captopril,Private,MPR,"Brazil, Rio Grande do Sul State",2008,9.07
Captopril,Public,MPR,"Brazil, Rio Grande do Sul State",2008,free
Ceftriaxone,Private,MPR,"Brazil, Rio Grande do Sul State",2008,8.36
Ciprofloxacin,Private,MPR,"Brazil, Rio Grande do Sul State",2008,23.83
Co-trimoxazole,Private,MPR,"Brazil, Rio Grande do Sul State",2008,8.36
Co-trimoxazole,Public,MPR,"Brazil, Rio Grande do Sul State",2008,free
Diazepam,Private,MPR,"Brazil, Rio Grande do Sul State",2008,16.48
Diclofenac,Private,MPR,"Brazil, Rio Grande do Sul State",2008,47.89
Glibenclamide,Private,MPR,"Brazil, Rio Grande do Sul State",2008,22.27
Omeprazole,Private,MPR,"Brazil, Rio Grande do Sul State",2008,15.5
Simvastatin,Private,MPR,"Brazil, Rio Grande do Sul State",2008,16.86
Amoxicillin,Private,MPR,Burkina Faso,2009,2.36
Amoxicillin,Public,MPR,Burkina Faso,2009,2.13
Atenolol,Private,MPR,Burkina Faso,2009,11.12
Captopril,Private,MPR,Burkina Faso,2009,11.68
Captopril,Public,MPR,Burkina Faso,2009,2.26
Ceftriaxone,Private,MPR,Burkina Faso,2009,3.12
Ceftriaxone,Public,MPR,Burkina Faso,2009,1.67
Ciprofloxacin,Private,MPR,Burkina Faso,2009,2.86
Ciprofloxacin,Public,MPR,Burkina Faso,2009,1.71
Co-trimoxazole,Private,MPR,Burkina Faso,2009,4.43
Co-trimoxazole,Public,MPR,Burkina Faso,2009,3.32
Diazepam,Private,MPR,Burkina Faso,2009,2.08
Diazepam,Public,MPR,Burkina Faso,2009,1.25
Diclofenac,Private,MPR,Burkina Faso,2009,5.53
Diclofenac,Public,MPR,Burkina Faso,2009,2.66
Glibenclamide,Private,MPR,Burkina Faso,2009,4.72
Omeprazole,Private,MPR,Burkina Faso,2009,3.19
Paracetamol,Private,MPR,Burkina Faso,2009,2.47
Paracetamol,Public,MPR,Burkina Faso,2009,1.98
Salbutamol,Private,MPR,Burkina Faso,2009,1.42
Salbutamol,Public,MPR,Burkina Faso,2009,1.42
Simvastatin,Private,MPR,Burkina Faso,2009,11.17
Amoxicillin,Private,MPR,Burundi,2013,2.12
Amoxicillin,Public,MPR,Burundi,2013,1.59
Ciprofloxacin,Private,MPR,Burundi,2013,1.75
Ciprofloxacin,Public,MPR,Burundi,2013,0.88
Diazepam,Private,MPR,Burundi,2013,4.21
Glibenclamide,Private,MPR,Burundi,2013,7.89
Omeprazole,Private,MPR,Burundi,2013,2.05
Omeprazole,Public,MPR,Burundi,2013,1.15
Salbutamol,Private,MPR,Burundi,2013,1.09
Amoxicillin,Private,MPR,Cameroon,2005,4.37
Amoxicillin,Public,MPR,Cameroon,2005,2.23
Ceftriaxone,Private,MPR,Cameroon,2005,3.54
Ceftriaxone,Public,MPR,Cameroon,2005,1.21
Ciprofloxacin,Private,MPR,Cameroon,2005,24.28
Ciprofloxacin,Public,MPR,Cameroon,2005,5.79
Co-trimoxazole,Private,MPR,Cameroon,2005,7.46
Co-trimoxazole,Public,MPR,Cameroon,2005,2.13
Diazepam,Public,MPR,Cameroon,2005,1.25
Diclofenac,Private,MPR,Cameroon,2005,24.28
Glibenclamide,Private,MPR,Cameroon,2005,33.28
Glibenclamide,Public,MPR,Cameroon,2005,2.44
Salbutamol,Private,MPR,Cameroon,2005,2.36
Amitriptyline,Private,MPR,Chad,2004,15.31
Co-trimoxazole,Public,MPR,Chad,2004,2.05
Diazepam,Public,MPR,Chad,2004,5.26
Glibenclamide,Public,MPR,Chad,2004,4.49
Amitriptyline,Private,MPR,"China, Shaanxi Province",2014,4.06
Amitriptyline,Public,MPR,"China, Shaanxi Province",2014,3.79
Amoxicillin,Private,MPR,"China, Shaanxi Province",2014,2.72
Amoxicillin,Public,MPR,"China, Shaanxi Province",2014,4.76
Captopril,Private,MPR,"China, Shaanxi Province",2014,0.23
Captopril,Public,MPR,"China, Shaanxi Province",2014,0.22
Ceftriaxone,Private,MPR,"China, Shaanxi Province",2014,0.58
Ceftriaxone,Public,MPR,"China, Shaanxi Province",2014,0.35
Diclofenac,Private,MPR,"China, Shaanxi Province",2014,16.12
Diclofenac,Public,MPR,"China, Shaanxi Province",2014,14.25
Glibenclamide,Private,MPR,"China, Shaanxi Province",2014,0.68
Omeprazole,Private,MPR,"China, Shaanxi Province",2014,2.87
Omeprazole,Public,MPR,"China, Shaanxi Province",2014,2.83
Salbutamol,Private,MPR,"China, Shaanxi Province",2014,1.07
Salbutamol,Public,MPR,"China, Shaanxi Province",2014,1.2
Simvastatin,Private,MPR,"China, Shaanxi Province",2014,10.12
Simvastatin,Public,MPR,"China, Shaanxi Province",2014,6.93
Amitriptyline,Private,MPR,Colombia,2008,6.36
Amitriptyline,Public,MPR,Colombia,2008,free
Amoxicillin,Private,MPR,Colombia,2008,2.52
Amoxicillin,Public,MPR,Colombia,2008,free
Atenolol,Private,MPR,Colombia,2008,10.05
Atenolol,Public,MPR,Colombia,2008,free
Captopril,Private,MPR,Colombia,2008,1.48
Captopril,Public,MPR,Colombia,2008,free
Ceftriaxone,Private,MPR,Colombia,2008,3.01
Ceftriaxone,Public,MPR,Colombia,2008,free
Ciprofloxacin,Private,MPR,Colombia,2008,4.84
Ciprofloxacin,Public,MPR,Colombia,2008,free
Co-trimoxazole,Private,MPR,Colombia,2008,4.01
Co-trimoxazole,Public,MPR,Colombia,2008,free
Diclofenac,Private,MPR,Colombia,2008,7.9
Diclofenac,Public,MPR,Colombia,2008,free
Glibenclamide,Private,MPR,Colombia,2008,7.34
Glibenclamide,Public,MPR,Colombia,2008,free
Omeprazole,Private,MPR,Colombia,2008,2.16
Omeprazole,Public,MPR,Colombia,2008,free
Salbutamol,Private,MPR,Colombia,2008,1.39
Salbutamol,Public,MPR,Colombia,2008,free
Simvastatin,Private,MPR,Colombia,2008,19.22
Simvastatin,Public,MPR,Colombia,2008,free
Amoxicillin,Private,MPR,Congo,2007,8.76
Amoxicillin,Public,MPR,Congo,2007,3.63
Captopril,Private,MPR,Congo,2007,18.99
Ceftriaxone,Private,MPR,Congo,2007,5.64
Ceftriaxone,Public,MPR,Congo,2007,2.63
Ciprofloxacin,Private,MPR,Congo,2007,15.35
Ciprofloxacin,Public,MPR,Congo,2007,6.66
Co-trimoxazole,Private,MPR,Congo,2007,7.82
Co-trimoxazole,Public,MPR,Congo,2007,5.49
Diclofenac,Private,MPR,Congo,2007,19.02
Diclofenac,Public,MPR,Congo,2007,8.91
Glibenclamide,Private,MPR,Congo,2007,28.58
Omeprazole,Private,MPR,Congo,2007,19.93
Salbutamol,Private,MPR,Congo,2007,3.85
Amoxicillin,Private,MPR,Democratic Republic of Congo,2007,1.8
Amoxicillin,Public,MPR,Democratic Republic of Congo,2007,1.8
Atenolol,Private,MPR,Democratic Republic of Congo,2007,28.31
Captopril,Private,MPR,Democratic Republic of Congo,2007,13.97
Ceftriaxone,Private,MPR,Democratic Republic of Congo,2007,2.18
Ceftriaxone,Public,MPR,Democratic Republic of Congo,2007,2.62
Ciprofloxacin,Private,MPR,Democratic Republic of Congo,2007,1.99
Ciprofloxacin,Public,MPR,Democratic Republic of Congo,2007,1.99
Co-trimoxazole,Private,MPR,Democratic Republic of Congo,2007,1.64
Co-trimoxazole,Public,MPR,Democratic Republic of Congo,2007,1.64
Diclofenac,Private,MPR,Democratic Republic of Congo,2007,1.42
Diclofenac,Public,MPR,Democratic Republic of Congo,2007,1.77
Glibenclamide,Private,MPR,Democratic Republic of Congo,2007,8.41
Glibenclamide,Public,MPR,Democratic Republic of Congo,2007,8.41
Omeprazole,Private,MPR,Democratic Republic of Congo,2007,1.38
Salbutamol,Private,MPR,Democratic Republic of Congo,2007,2.16
Amitriptyline,Public,MPR,Ecuador,2008,free
Amoxicillin,Private,MPR,Ecuador,2008,3.38
Amoxicillin,Public,MPR,Ecuador,2008,free
Atenolol,Private,MPR,Ecuador,2008,8.7
Atenolol,Public,MPR,Ecuador,2008,free
Captopril,Private,MPR,Ecuador,2008,4.76
Captopril,Public,MPR,Ecuador,2008,free
Ceftriaxone,Private,MPR,Ecuador,2008,6.74
Ceftriaxone,Public,MPR,Ecuador,2008,free
Ciprofloxacin,Private,MPR,Ecuador,2008,18.49
Ciprofloxacin,Public,MPR,Ecuador,2008,free
Co-trimoxazole,Private,MPR,Ecuador,2008,3.5
Co-trimoxazole,Public,MPR,Ecuador,2008,free
Diazepam,Private,MPR,Ecuador,2008,11.76
Diazepam,Public,MPR,Ecuador,2008,free
Diclofenac,Private,MPR,Ecuador,2008,17.78
Diclofenac,Public,MPR,Ecuador,2008,free
Glibenclamide,Private,MPR,Ecuador,2008,15.26
Glibenclamide,Public,MPR,Ecuador,2008,free
Omeprazole,Private,MPR,Ecuador,2008,6.59
Omeprazole,Public,MPR,Ecuador,2008,free
Paracetamol,Private,MPR,Ecuador,2008,3.95
Paracetamol,Public,MPR,Ecuador,2008,free
Salbutamol,Private,MPR,Ecuador,2008,3.2
Salbutamol,Public,MPR,Ecuador,2008,free
Simvastatin,Private,MPR,Ecuador,2008,16.95
Simvastatin,Public,MPR,Ecuador,2008,free
Amitriptyline,Private,MPR,Egypt,2013,2.42
Atenolol,Private,MPR,Egypt,2013,2.22
Captopril,Private,MPR,Egypt,2013,2.15
Diazepam,Private,MPR,Egypt,2013,6.91
Glibenclamide,Private,MPR,Egypt,2013,3.46
Omeprazole,Private,MPR,Egypt,2013,5.78
Salbutamol,Private,MPR,Egypt,2013,0.76
Simvastatin,Private,MPR,Egypt,2013,16.45
Amitriptyline,Private,MPR,El Salvador,2006,72.1
Amitriptyline,Public,MPR,El Salvador,2006,free
Atenolol,Private,MPR,El Salvador,2006,51.94
Captopril,Private,MPR,El Salvador,2006,28.89
Captopril,Public,MPR,El Salvador,2006,free
Ceftriaxone,Private,MPR,El Salvador,2006,15.42
Ceftriaxone,Public,MPR,El Salvador,2006,free
Ciprofloxacin,Private,MPR,El Salvador,2006,56.9
Ciprofloxacin,Public,MPR,El Salvador,2006,free
Co-trimoxazole,Private,MPR,El Salvador,2006,13.22
Co-trimoxazole,Public,MPR,El Salvador,2006,free
Diazepam,Private,MPR,El Salvador,2006,47.62
Glibenclamide,Private,MPR,El Salvador,2006,53.85
Glibenclamide,Public,MPR,El Salvador,2006,free
Omeprazole,Private,MPR,El Salvador,2006,17.9
Omeprazole,Public,MPR,El Salvador,2006,free
Paracetamol,Private,MPR,El Salvador,2006,11.06
Paracetamol,Public,MPR,El Salvador,2006,free
Salbutamol,Private,MPR,El Salvador,2006,4.23
Salbutamol,Public,MPR,El Salvador,2006,free
Amitriptyline,Private,MPR,Ethiopia,2013,4.58
Amitriptyline,Public,MPR,Ethiopia,2013,3.05
Amoxicillin,Private,MPR,Ethiopia,2013,1.71
Amoxicillin,Public,MPR,Ethiopia,2013,1.43
Ciprofloxacin,Private,MPR,Ethiopia,2013,1.41
Ciprofloxacin,Public,MPR,Ethiopia,2013,1.21
Diclofenac,Private,MPR,Ethiopia,2013,1.64
Diclofenac,Public,MPR,Ethiopia,2013,1.15
Glibenclamide,Private,MPR,Ethiopia,2013,1.91
Glibenclamide,Public,MPR,Ethiopia,2013,1.27
Paracetamol,Private,MPR,Ethiopia,2013,1.41
Paracetamol,Public,MPR,Ethiopia,2013,1.13
Amitriptyline,Private,MPR,Fiji,2004,3.86
Atenolol,Private,MPR,Fiji,2004,3.16
Captopril,Private,MPR,Fiji,2004,2.22
Ciprofloxacin,Private,MPR,Fiji,2004,4.06
Co-trimoxazole,Private,MPR,Fiji,2004,3.26
Diazepam,Private,MPR,Fiji,2004,5.03
Glibenclamide,Private,MPR,Fiji,2004,2.86
Omeprazole,Private,MPR,Fiji,2004,0.54
Salbutamol,Private,MPR,Fiji,2004,1.21
Amitriptyline,Private,MPR,Ghana,2004,4.13
Amitriptyline,Public,MPR,Ghana,2004,1.11
Atenolol,Private,MPR,Ghana,2004,6.03
Atenolol,Public,MPR,Ghana,2004,5.43
Captopril,Private,MPR,Ghana,2004,5.52
Ceftriaxone,Private,MPR,Ghana,2004,2.19
Ceftriaxone,Public,MPR,Ghana,2004,2.2
Ciprofloxacin,Private,MPR,Ghana,2004,7.05
Ciprofloxacin,Public,MPR,Ghana,2004,7.05
Co-trimoxazole,Private,MPR,Ghana,2004,1.87
Co-trimoxazole,Public,MPR,Ghana,2004,1.56
Diazepam,Private,MPR,Ghana,2004,1.6
Diazepam,Public,MPR,Ghana,2004,0.88
Diclofenac,Private,MPR,Ghana,2004,10.3
Diclofenac,Public,MPR,Ghana,2004,8.58
Glibenclamide,Private,MPR,Ghana,2004,5.47
Glibenclamide,Public,MPR,Ghana,2004,5.47
Omeprazole,Private,MPR,Ghana,2004,1.03
Omeprazole,Public,MPR,Ghana,2004,1.03
Salbutamol,Private,MPR,Ghana,2004,2.49
Amitriptyline,Private,MPR,Haiti,2011,13.26
Amoxicillin,Private,MPR,Haiti,2011,4.34
Amoxicillin,Public,MPR,Haiti,2011,2.61
Atenolol,Private,MPR,Haiti,2011,15.91
Atenolol,Public,MPR,Haiti,2011,7.73
Captopril,Private,MPR,Haiti,2011,10.5
Captopril,Public,MPR,Haiti,2011,8.4
Ceftriaxone,Private,MPR,Haiti,2011,5.48
Ceftriaxone,Public,MPR,Haiti,2011,2.56
Ciprofloxacin,Private,MPR,Haiti,2011,5.08
Ciprofloxacin,Public,MPR,Haiti,2011,4.12
Co-trimoxazole,Private,MPR,Haiti,2011,4.5
Co-trimoxazole,Public,MPR,Haiti,2011,3.6
Diazepam,Private,MPR,Haiti,2011,20.65
Diazepam,Public,MPR,Haiti,2011,20.65
Diclofenac,Private,MPR,Haiti,2011,25.2
Diclofenac,Public,MPR,Haiti,2011,11.72
Glibenclamide,Private,MPR,Haiti,2011,20.38
Glibenclamide,Public,MPR,Haiti,2011,18.53
Omeprazole,Private,MPR,Haiti,2011,4.2
Omeprazole,Public,MPR,Haiti,2011,4.2
Paracetamol,Private,MPR,Haiti,2011,4.85
Paracetamol,Public,MPR,Haiti,2011,3.88
Salbutamol,Private,MPR,Haiti,2011,2.26
Salbutamol,Public,MPR,Haiti,2011,2.08
Simvastatin,Private,MPR,Haiti,2011,6.08
Amitriptyline,Private,MPR,"India, NCT, Delhi",2011,5.48
Amitriptyline,Public,MPR,"India, NCT, Delhi",2011,free
Amoxicillin,Private,MPR,"India, NCT, Delhi",2011,7.21
Amoxicillin,Public,MPR,"India, NCT, Delhi",2011,free
Atenolol,Private,MPR,"India, NCT, Delhi",2011,7.07
Atenolol,Public,MPR,"India, NCT, Delhi",2011,free
Captopril,Private,MPR,"India, NCT, Delhi",2011,8.4
Ceftriaxone,Private,MPR,"India, NCT, Delhi",2011,2.24
Ceftriaxone,Public,MPR,"India, NCT, Delhi",2011,free
Ciprofloxacin,Private,MPR,"India, NCT, Delhi",2011,3.55
Ciprofloxacin,Public,MPR,"India, NCT, Delhi",2011,free
Co-trimoxazole,Private,MPR,"India, NCT, Delhi",2011,1.29
Co-trimoxazole,Public,MPR,"India, NCT, Delhi",2011,free
Diazepam,Private,MPR,"India, NCT, Delhi",2011,9.73
Diazepam,Public,MPR,"India, NCT, Delhi",2011,free
Diclofenac,Private,MPR,"India, NCT, Delhi",2011,8.07
Diclofenac,Public,MPR,"India, NCT, Delhi",2011,free
Glibenclamide,Public,MPR,"India, NCT, Delhi",2011,free
Omeprazole,Private,MPR,"India, NCT, Delhi",2011,3.11
Omeprazole,Public,MPR,"India, NCT, Delhi",2011,free
Paracetamol,Private,MPR,"India, NCT, Delhi",2011,2.83
Paracetamol,Public,MPR,"India, NCT, Delhi",2011,free
Salbutamol,Private,MPR,"India, NCT, Delhi",2011,1.35
Salbutamol,Public,MPR,"India, NCT, Delhi",2011,free
Simvastatin,Private,MPR,"India, NCT, Delhi",2011,1.85
Simvastatin,Public,MPR,"India, NCT, Delhi",2011,free
Amitriptyline,Private,MPR,Indonesia,2010,2.22
Amitriptyline,Public,MPR,Indonesia,2010,2.2
Amoxicillin,Private,MPR,Indonesia,2010,1.37
Amoxicillin,Public,MPR,Indonesia,2010,1.27
Captopril,Private,MPR,Indonesia,2010,1.7
Captopril,Public,MPR,Indonesia,2010,1.55
Ceftriaxone,Private,MPR,Indonesia,2010,1.99
Ceftriaxone,Public,MPR,Indonesia,2010,2.06
Ciprofloxacin,Private,MPR,Indonesia,2010,1.43
Ciprofloxacin,Public,MPR,Indonesia,2010,1.15
Co-trimoxazole,Private,MPR,Indonesia,2010,1.43
Co-trimoxazole,Public,MPR,Indonesia,2010,1.44
Diazepam,Private,MPR,Indonesia,2010,0.92
Diazepam,Public,MPR,Indonesia,2010,0.8
Diclofenac,Private,MPR,Indonesia,2010,5.46
Diclofenac,Public,MPR,Indonesia,2010,5.26
Glibenclamide,Private,MPR,Indonesia,2010,2.45
Glibenclamide,Public,MPR,Indonesia,2010,1.99
Omeprazole,Private,MPR,Indonesia,2010,1.86
Omeprazole,Public,MPR,Indonesia,2010,1.84
Paracetamol,Private,MPR,Indonesia,2010,1.16
Paracetamol,Public,MPR,Indonesia,2010,1.06
Simvastatin,Private,MPR,Indonesia,2010,1.15
Simvastatin,Public,MPR,Indonesia,2010,1.11
Amitriptyline,Private,MPR,Iran,2007,1.26
Amitriptyline,Public,MPR,Iran,2007,1.26
Amoxicillin,Private,MPR,Iran,2007,1.75
Amoxicillin,Public,MPR,Iran,2007,1.75
Atenolol,Private,MPR,Iran,2007,0.81
Atenolol,Public,MPR,Iran,2007,0.81
Captopril,Private,MPR,Iran,2007,1.49
Captopril,Public,MPR,Iran,2007,1.49
Ceftriaxone,Private,MPR,Iran,2007,0.89
Ceftriaxone,Public,MPR,Iran,2007,0.89
Ciprofloxacin,Private,MPR,Iran,2007,2.32
Ciprofloxacin,Public,MPR,Iran,2007,2.32
Co-trimoxazole,Private,MPR,Iran,2007,1.32
Co-trimoxazole,Public,MPR,Iran,2007,1.32
Diazepam,Private,MPR,Iran,2007,1.39
Diazepam,Public,MPR,Iran,2007,1.39
Diclofenac,Private,MPR,Iran,2007,1.53
Diclofenac,Public,MPR,Iran,2007,1.53
Glibenclamide,Private,MPR,Iran,2007,2.11
Glibenclamide,Public,MPR,Iran,2007,2.11
Omeprazole,Private,MPR,Iran,2007,1.3
Omeprazole,Public,MPR,Iran,2007,1.3
Paracetamol,Private,MPR,Iran,2007,1.29
Paracetamol,Public,MPR,Iran,2007,1.29
Salbutamol,Private,MPR,Iran,2007,1.1
Salbutamol,Public,MPR,Iran,2007,1.1
Simvastatin,Private,MPR,Iran,2007,1.99
Simvastatin,Public,MPR,Iran,2007,1.99
Amitriptyline,Private,MPR,Jordan,2004,8.65
Atenolol,Private,MPR,Jordan,2004,18.39
Captopril,Private,MPR,Jordan,2004,8.24
Captopril,Public,MPR,Jordan,2004,0.29
Ceftriaxone,Private,MPR,Jordan,2004,6.81
Ciprofloxacin,Private,MPR,Jordan,2004,22.06
Ciprofloxacin,Public,MPR,Jordan,2004,1.07
Co-trimoxazole,Private,MPR,Jordan,2004,4.66
Co-trimoxazole,Public,MPR,Jordan,2004,1.33
Diazepam,Private,MPR,Jordan,2004,8.05
Diazepam,Public,MPR,Jordan,2004,2.41
Glibenclamide,Private,MPR,Jordan,2004,18.45
Glibenclamide,Public,MPR,Jordan,2004,0.84
Omeprazole,Private,MPR,Jordan,2004,5.56
Omeprazole,Public,MPR,Jordan,2004,0.24
Salbutamol,Private,MPR,Jordan,2004,1.1
Simvastatin,Private,MPR,Jordan,2004,10.5
Amitriptyline,Private,MPR,Kazakhstan,2004,4.42
Atenolol,Private,MPR,Kazakhstan,2004,3.78
Captopril,Private,MPR,Kazakhstan,2004,2.02
Ceftriaxone,Private,MPR,Kazakhstan,2004,1.3
Ciprofloxacin,Private,MPR,Kazakhstan,2004,10.8
Glibenclamide,Private,MPR,Kazakhstan,2004,3.72
Glibenclamide,Public,MPR,Kazakhstan,2004,4.84
Omeprazole,Private,MPR,Kazakhstan,2004,0.35
Omeprazole,Public,MPR,Kazakhstan,2004,1.19
Salbutamol,Private,MPR,Kazakhstan,2004,1.34
Amitriptyline,Private,MPR,Kenya,2004,1.62
Amitriptyline,Public,MPR,Kenya,2004,1.62
Atenolol,Private,MPR,Kenya,2004,7.94
Captopril,Private,MPR,Kenya,2004,5.59
Ceftriaxone,Private,MPR,Kenya,2004,1.92
Ceftriaxone,Public,MPR,Kenya,2004,2.24
Ciprofloxacin,Private,MPR,Kenya,2004,3.87
Ciprofloxacin,Public,MPR,Kenya,2004,2.9
Co-trimoxazole,Private,MPR,Kenya,2004,1.71
Co-trimoxazole,Public,MPR,Kenya,2004,1.37
Diazepam,Private,MPR,Kenya,2004,3.52
Diazepam,Public,MPR,Kenya,2004,5.27
Glibenclamide,Private,MPR,Kenya,2004,12
Glibenclamide,Public,MPR,Kenya,2004,3.5
Omeprazole,Private,MPR,Kenya,2004,1.25
Omeprazole,Public,MPR,Kenya,2004,0.52
Salbutamol,Private,MPR,Kenya,2004,1.78
Atenolol,Private,MPR,Kuwait,2004,47.37
Atenolol,Public,MPR,Kuwait,2004,free
Captopril,Private,MPR,Kuwait,2004,16
Captopril,Public,MPR,Kuwait,2004,free
Ceftriaxone,Private,MPR,Kuwait,2004,8.62
Ceftriaxone,Public,MPR,Kuwait,2004,free
Ciprofloxacin,Private,MPR,Kuwait,2004,100.05
Ciprofloxacin,Public,MPR,Kuwait,2004,free
Co-trimoxazole,Private,MPR,Kuwait,2004,14.62
Co-trimoxazole,Public,MPR,Kuwait,2004,free
Glibenclamide,Private,MPR,Kuwait,2004,50.76
Glibenclamide,Public,MPR,Kuwait,2004,free
Omeprazole,Private,MPR,Kuwait,2004,15.72
Omeprazole,Public,MPR,Kuwait,2004,free
Amitriptyline,Private,MPR,Kyrgyzstan,2010,3.78
Amoxicillin,Private,MPR,Kyrgyzstan,2010,2.44
Atenolol,Private,MPR,Kyrgyzstan,2010,1.24
Ceftriaxone,Private,MPR,Kyrgyzstan,2010,1.41
Ciprofloxacin,Private,MPR,Kyrgyzstan,2010,4.56
Co-trimoxazole,Private,MPR,Kyrgyzstan,2010,5.77
Diclofenac,Private,MPR,Kyrgyzstan,2010,3.78
Glibenclamide,Private,MPR,Kyrgyzstan,2010,6.31
Omeprazole,Private,MPR,Kyrgyzstan,2010,1.18
Paracetamol,Private,MPR,Kyrgyzstan,2010,3.45
Salbutamol,Private,MPR,Kyrgyzstan,2010,3.55
Simvastatin,Private,MPR,Kyrgyzstan,2010,7.43
Amitriptyline,Public,MPR,Lao PDR,2013,7.63
Amoxicillin,Private,MPR,Lao PDR,2013,2.01
Amoxicillin,Public,MPR,Lao PDR,2013,2.01
Atenolol,Private,MPR,Lao PDR,2013,4.15
Ceftriaxone,Private,MPR,Lao PDR,2013,1.79
Ceftriaxone,Public,MPR,Lao PDR,2013,2.14
Ciprofloxacin,Private,MPR,Lao PDR,2013,1.66
Ciprofloxacin,Public,MPR,Lao PDR,2013,2.33
Co-trimoxazole,Private,MPR,Lao PDR,2013,2.99
Co-trimoxazole,Public,MPR,Lao PDR,2013,2.57
Diazepam,Private,MPR,Lao PDR,2013,9.98
Diazepam,Public,MPR,Lao PDR,2013,9.98
Diclofenac,Private,MPR,Lao PDR,2013,3.87
Diclofenac,Public,MPR,Lao PDR,2013,2.9
Glibenclamide,Private,MPR,Lao PDR,2013,8.98
Glibenclamide,Public,MPR,Lao PDR,2013,3.83
Omeprazole,Private,MPR,Lao PDR,2013,3.12
Omeprazole,Public,MPR,Lao PDR,2013,3.64
Paracetamol,Private,MPR,Lao PDR,2013,1.66
Paracetamol,Public,MPR,Lao PDR,2013,1.66
Simvastatin,Private,MPR,Lao PDR,2013,4.24
Simvastatin,Public,MPR,Lao PDR,2013,6.48
Amitriptyline,Public,MPR,Lebanon,2013,free
Atenolol,Private,MPR,Lebanon,2013,7.72
Atenolol,Public,MPR,Lebanon,2013,free
Captopril,Private,MPR,Lebanon,2013,7.63
Captopril,Public,MPR,Lebanon,2013,free
Diclofenac,Private,MPR,Lebanon,2013,24.13
Diclofenac,Public,MPR,Lebanon,2013,free
Glibenclamide,Private,MPR,Lebanon,2013,9.48
Glibenclamide,Public,MPR,Lebanon,2013,free
Omeprazole,Private,MPR,Lebanon,2013,18.15
Omeprazole,Public,MPR,Lebanon,2013,free
Salbutamol,Private,MPR,Lebanon,2013,2.01
Salbutamol,Public,MPR,Lebanon,2013,free
Simvastatin,Private,MPR,Lebanon,2013,6.52
Simvastatin,Public,MPR,Lebanon,2013,free
Amitriptyline,Private,MPR,Malaysia,2004,6.89
Amitriptyline,Public,MPR,Malaysia,2004,free
Atenolol,Private,MPR,Malaysia,2004,9.57
Atenolol,Public,MPR,Malaysia,2004,free
Captopril,Private,MPR,Malaysia,2004,7.44
Ciprofloxacin,Private,MPR,Malaysia,2004,16.46
Co-trimoxazole,Public,MPR,Malaysia,2004,free
Diazepam,Public,MPR,Malaysia,2004,free
Glibenclamide,Private,MPR,Malaysia,2004,6.38
Glibenclamide,Public,MPR,Malaysia,2004,free
Omeprazole,Private,MPR,Malaysia,2004,2.54
Omeprazole,Public,MPR,Malaysia,2004,free
Salbutamol,Private,MPR,Malaysia,2004,1.48
Salbutamol,Public,MPR,Malaysia,2004,free
Simvastatin,Private,MPR,Malaysia,2004,3.78
Amoxicillin,Private,MPR,Mali,2004,3.9
Amoxicillin,Public,MPR,Mali,2004,1.77
Captopril,Private,MPR,Mali,2004,5.91
Ceftriaxone,Private,MPR,Mali,2004,4.65
Ceftriaxone,Public,MPR,Mali,2004,1.29
Ciprofloxacin,Private,MPR,Mali,2004,15.54
Ciprofloxacin,Public,MPR,Mali,2004,13.33
Co-trimoxazole,Private,MPR,Mali,2004,3.59
Co-trimoxazole,Public,MPR,Mali,2004,1.81
Diclofenac,Private,MPR,Mali,2004,12.06
Diclofenac,Public,MPR,Mali,2004,2.77
Glibenclamide,Private,MPR,Mali,2004,21.03
Salbutamol,Private,MPR,Mali,2004,2.22
Amitriptyline,Private,MPR,Mauritius,2008,14.08
Amitriptyline,Public,MPR,Mauritius,2008,free
Amoxicillin,Private,MPR,Mauritius,2008,6.71
Amoxicillin,Public,MPR,Mauritius,2008,free
Atenolol,Private,MPR,Mauritius,2008,5.69
Atenolol,Public,MPR,Mauritius,2008,free
Captopril,Private,MPR,Mauritius,2008,3.99
Ceftriaxone,Private,MPR,Mauritius,2008,13.05
Ceftriaxone,Public,MPR,Mauritius,2008,free
Ciprofloxacin,Private,MPR,Mauritius,2008,10.55
Ciprofloxacin,Public,MPR,Mauritius,2008,free
Co-trimoxazole,Private,MPR,Mauritius,2008,10.16
Co-trimoxazole,Public,MPR,Mauritius,2008,free
Diazepam,Public,MPR,Mauritius,2008,free
Diclofenac,Private,MPR,Mauritius,2008,9.55
Diclofenac,Public,MPR,Mauritius,2008,free
Glibenclamide,Private,MPR,Mauritius,2008,19.27
Glibenclamide,Public,MPR,Mauritius,2008,free
Omeprazole,Private,MPR,Mauritius,2008,5.74
Omeprazole,Public,MPR,Mauritius,2008,free
Paracetamol,Private,MPR,Mauritius,2008,3.91
Paracetamol,Public,MPR,Mauritius,2008,free
Salbutamol,Private,MPR,Mauritius,2008,1.61
Salbutamol,Public,MPR,Mauritius,2008,free
Simvastatin,Private,MPR,Mauritius,2008,7.04
Amitriptyline,Public,MPR,"Mexico, Mexico City",2009,free
Amoxicillin,Private,MPR,"Mexico, Mexico City",2009,4.32
Amoxicillin,Public,MPR,"Mexico, Mexico City",2009,free
Captopril,Private,MPR,"Mexico, Mexico City",2009,5.49
Captopril,Public,MPR,"Mexico, Mexico City",2009,free
Ceftriaxone,Private,MPR,"Mexico, Mexico City",2009,6.62
Ceftriaxone,Public,MPR,"Mexico, Mexico City",2009,free
Ciprofloxacin,Private,MPR,"Mexico, Mexico City",2009,12.66
Ciprofloxacin,Public,MPR,"Mexico, Mexico City",2009,free
Co-trimoxazole,Private,MPR,"Mexico, Mexico City",2009,4.45
Co-trimoxazole,Public,MPR,"Mexico, Mexico City",2009,free
Diclofenac,Public,MPR,"Mexico, Mexico City",2009,free
Glibenclamide,Private,MPR,"Mexico, Mexico City",2009,5.18
Glibenclamide,Public,MPR,"Mexico, Mexico City",2009,free
Omeprazole,Private,MPR,"Mexico, Mexico City",2009,9.3
Omeprazole,Public,MPR,"Mexico, Mexico City",2009,free
Salbutamol,Private,MPR,"Mexico, Mexico City",2009,2.09
Salbutamol,Public,MPR,"Mexico, Mexico City",2009,free
Amitriptyline,Private,MPR,Moldova,2011,6.39
Amitriptyline,Public,MPR,Moldova,2011,6.2
Atenolol,Private,MPR,Moldova,2011,5.44
Atenolol,Public,MPR,Moldova,2011,5.22
Captopril,Private,MPR,Moldova,2011,2.96
Captopril,Public,MPR,Moldova,2011,2.9
Ciprofloxacin,Private,MPR,Moldova,2011,6.23
Ciprofloxacin,Public,MPR,Moldova,2011,6.03
Diazepam,Private,MPR,Moldova,2011,5.28
Diazepam,Public,MPR,Moldova,2011,4.94
Diclofenac,Private,MPR,Moldova,2011,9.55
Diclofenac,Public,MPR,Moldova,2011,9
Glibenclamide,Private,MPR,Moldova,2011,6.48
Glibenclamide,Public,MPR,Moldova,2011,7.71
Omeprazole,Private,MPR,Moldova,2011,3.3
Omeprazole,Public,MPR,Moldova,2011,3.23
Salbutamol,Private,MPR,Moldova,2011,2.28
Salbutamol,Public,MPR,Moldova,2011,2.16
Simvastatin,Private,MPR,Moldova,2011,6.25
Simvastatin,Public,MPR,Moldova,2011,8.12
Amoxicillin,Private,MPR,Mongolia,2012,3.37
Amoxicillin,Public,MPR,Mongolia,2012,1.8
Atenolol,Private,MPR,Mongolia,2012,7.03
Atenolol,Public,MPR,Mongolia,2012,5.62
Captopril,Private,MPR,Mongolia,2012,2.97
Captopril,Public,MPR,Mongolia,2012,1.88
Ceftriaxone,Private,MPR,Mongolia,2012,5.44
Ceftriaxone,Public,MPR,Mongolia,2012,0.74
Ciprofloxacin,Private,MPR,Mongolia,2012,4.7
Ciprofloxacin,Public,MPR,Mongolia,2012,2.07
Co-trimoxazole,Private,MPR,Mongolia,2012,6.44
Diclofenac,Private,MPR,Mongolia,2012,9.41
Diclofenac,Public,MPR,Mongolia,2012,6.14
Glibenclamide,Private,MPR,Mongolia,2012,8.53
Omeprazole,Private,MPR,Mongolia,2012,5.06
Omeprazole,Public,MPR,Mongolia,2012,2.41
Salbutamol,Private,MPR,Mongolia,2012,3.69
Salbutamol,Public,MPR,Mongolia,2012,1.84
Simvastatin,Private,MPR,Mongolia,2012,7.23
Amitriptyline,Private,MPR,Morocco,2004,9.62
Amitriptyline,Public,MPR,Morocco,2004,free
Amoxicillin,Private,MPR,Morocco,2004,8.77
Amoxicillin,Public,MPR,Morocco,2004,free
Captopril,Private,MPR,Morocco,2004,13.12
Ceftriaxone,Private,MPR,Morocco,2004,7.13
Ceftriaxone,Public,MPR,Morocco,2004,free
Ciprofloxacin,Private,MPR,Morocco,2004,82.76
Ciprofloxacin,Public,MPR,Morocco,2004,free
Co-trimoxazole,Private,MPR,Morocco,2004,5.77
Co-trimoxazole,Public,MPR,Morocco,2004,free
Glibenclamide,Private,MPR,Morocco,2004,16.66
Glibenclamide,Public,MPR,Morocco,2004,free
Omeprazole,Private,MPR,Morocco,2004,2.82
Omeprazole,Public,MPR,Morocco,2004,free
Salbutamol,Private,MPR,Morocco,2004,2.92
Salbutamol,Public,MPR,Morocco,2004,free
Amitriptyline,Private,MPR,Nicaragua,2008,11.24
Amitriptyline,Public,MPR,Nicaragua,2008,free
Amoxicillin,Private,MPR,Nicaragua,2008,2.18
Amoxicillin,Public,MPR,Nicaragua,2008,free
Atenolol,Private,MPR,Nicaragua,2008,3.96
Atenolol,Public,MPR,Nicaragua,2008,free
Captopril,Private,MPR,Nicaragua,2008,4.04
Captopril,Public,MPR,Nicaragua,2008,free
Ceftriaxone,Private,MPR,Nicaragua,2008,3.58
Ceftriaxone,Public,MPR,Nicaragua,2008,free
Ciprofloxacin,Private,MPR,Nicaragua,2008,7.96
Ciprofloxacin,Public,MPR,Nicaragua,2008,free
Co-trimoxazole,Private,MPR,Nicaragua,2008,4.17
Co-trimoxazole,Public,MPR,Nicaragua,2008,free
Diazepam,Private,MPR,Nicaragua,2008,9.99
Diazepam,Public,MPR,Nicaragua,2008,free
Diclofenac,Private,MPR,Nicaragua,2008,11.33
Diclofenac,Public,MPR,Nicaragua,2008,free
Glibenclamide,Private,MPR,Nicaragua,2008,10.39
Glibenclamide,Public,MPR,Nicaragua,2008,free
Omeprazole,Private,MPR,Nicaragua,2008,6.3
Omeprazole,Public,MPR,Nicaragua,2008,free
Paracetamol,Private,MPR,Nicaragua,2008,3.15
Paracetamol,Public,MPR,Nicaragua,2008,free
Salbutamol,Private,MPR,Nicaragua,2008,2.99
Salbutamol,Public,MPR,Nicaragua,2008,free
Simvastatin,Private,MPR,Nicaragua,2008,14.71
Amitriptyline,Private,MPR,Nigeria,2004,4.45
Amitriptyline,Public,MPR,Nigeria,2004,2.97
Amoxicillin,Private,MPR,Nigeria,2004,2.02
Amoxicillin,Public,MPR,Nigeria,2004,2.02
Atenolol,Private,MPR,Nigeria,2004,7.07
Atenolol,Public,MPR,Nigeria,2004,8.08
Captopril,Private,MPR,Nigeria,2004,3.05
Captopril,Public,MPR,Nigeria,2004,1.99
Ceftriaxone,Private,MPR,Nigeria,2004,3.82
Ceftriaxone,Public,MPR,Nigeria,2004,3.5
Ciprofloxacin,Private,MPR,Nigeria,2004,9.46
Ciprofloxacin,Public,MPR,Nigeria,2004,11.35
Co-trimoxazole,Private,MPR,Nigeria,2004,3.34
Co-trimoxazole,Public,MPR,Nigeria,2004,2.51
Diazepam,Private,MPR,Nigeria,2004,5.37
Diazepam,Public,MPR,Nigeria,2004,3.22
Glibenclamide,Private,MPR,Nigeria,2004,18.34
Glibenclamide,Public,MPR,Nigeria,2004,18.34
Omeprazole,Private,MPR,Nigeria,2004,3.01
Omeprazole,Public,MPR,Nigeria,2004,1.92
Amoxicillin,Private,MPR,Oman,2007,5.54
Atenolol,Private,MPR,Oman,2007,12.44
Atenolol,Public,MPR,Oman,2007,free
Captopril,Public,MPR,Oman,2007,free
Ceftriaxone,Private,MPR,Oman,2007,10.05
Ceftriaxone,Public,MPR,Oman,2007,free
Ciprofloxacin,Private,MPR,Oman,2007,12.71
Co-trimoxazole,Private,MPR,Oman,2007,14.11
Co-trimoxazole,Public,MPR,Oman,2007,free
Diazepam,Public,MPR,Oman,2007,free
Diclofenac,Private,MPR,Oman,2007,19.27
Diclofenac,Public,MPR,Oman,2007,free
Glibenclamide,Private,MPR,Oman,2007,35.96
Glibenclamide,Public,MPR,Oman,2007,free
Omeprazole,Private,MPR,Oman,2007,12.64
Omeprazole,Public,MPR,Oman,2007,free
Paracetamol,Private,MPR,Oman,2007,3.06
Paracetamol,Public,MPR,Oman,2007,free
Salbutamol,Private,MPR,Oman,2007,1.81
Salbutamol,Public,MPR,Oman,2007,free
Simvastatin,Private,MPR,Oman,2007,18.43
Simvastatin,Public,MPR,Oman,2007,free
Amitriptyline,Public,MPR,Pakistan,2004,free
Atenolol,Private,MPR,Pakistan,2004,4.06
Atenolol,Public,MPR,Pakistan,2004,free
Captopril,Private,MPR,Pakistan,2004,2.76
Captopril,Public,MPR,Pakistan,2004,free
Ceftriaxone,Private,MPR,Pakistan,2004,0.97
Ceftriaxone,Public,MPR,Pakistan,2004,free
Ciprofloxacin,Private,MPR,Pakistan,2004,7.02
Ciprofloxacin,Public,MPR,Pakistan,2004,free
Co-trimoxazole,Private,MPR,Pakistan,2004,1.15
Co-trimoxazole,Public,MPR,Pakistan,2004,free
Diazepam,Private,MPR,Pakistan,2004,2.83
Diazepam,Public,MPR,Pakistan,2004,free
Glibenclamide,Private,MPR,Pakistan,2004,3.6
Glibenclamide,Public,MPR,Pakistan,2004,free
Omeprazole,Private,MPR,Pakistan,2004,0.84
Omeprazole,Public,MPR,Pakistan,2004,free
Salbutamol,Private,MPR,Pakistan,2004,0.72
Salbutamol,Public,MPR,Pakistan,2004,free
Amitriptyline,Private,MPR,Peru,2005,25.37
Amitriptyline,Public,MPR,Peru,2005,10.05
Amoxicillin,Private,MPR,Peru,2005,2.85
Amoxicillin,Public,MPR,Peru,2005,1.46
Atenolol,Private,MPR,Peru,2005,10.4
Atenolol,Public,MPR,Peru,2005,7.8
Captopril,Private,MPR,Peru,2005,2.66
Captopril,Public,MPR,Peru,2005,0.27
Ceftriaxone,Private,MPR,Peru,2005,0.67
Ceftriaxone,Public,MPR,Peru,2005,0.39
Ciprofloxacin,Private,MPR,Peru,2005,5.98
Ciprofloxacin,Public,MPR,Peru,2005,1.2
Co-trimoxazole,Private,MPR,Peru,2005,5.61
Co-trimoxazole,Public,MPR,Peru,2005,1.84
Diazepam,Private,MPR,Peru,2005,14.36
Diazepam,Public,MPR,Peru,2005,2.15
Glibenclamide,Private,MPR,Peru,2005,14.02
Glibenclamide,Public,MPR,Peru,2005,1.4
Omeprazole,Private,MPR,Peru,2005,3.04
Omeprazole,Public,MPR,Peru,2005,0.91
Salbutamol,Private,MPR,Peru,2005,1.77
Salbutamol,Public,MPR,Peru,2005,0.8
Atenolol,Private,MPR,Philippines,2005,14.83
Atenolol,Public,MPR,Philippines,2005,10.8
Captopril,Private,MPR,Philippines,2005,6.92
Captopril,Public,MPR,Philippines,2005,7.44
Ceftriaxone,Private,MPR,Philippines,2005,3.75
Ceftriaxone,Public,MPR,Philippines,2005,1.7
Ciprofloxacin,Private,MPR,Philippines,2005,15.51
Ciprofloxacin,Public,MPR,Philippines,2005,19.49
Co-trimoxazole,Private,MPR,Philippines,2005,3.81
Co-trimoxazole,Public,MPR,Philippines,2005,4.65
Glibenclamide,Private,MPR,Philippines,2005,22.28
Glibenclamide,Public,MPR,Philippines,2005,13.59
Omeprazole,Private,MPR,Philippines,2005,3.87
Salbutamol,Private,MPR,Philippines,2005,2.52
Amitriptyline,Private,MPR,"Russia, Tatarstan",2011,1.78
Amitriptyline,Public,MPR,"Russia, Tatarstan",2011,2.15
Amoxicillin,Private,MPR,"Russia, Tatarstan",2011,4.9
Amoxicillin,Public,MPR,"Russia, Tatarstan",2011,1.72
Atenolol,Private,MPR,"Russia, Tatarstan",2011,4.83
Atenolol,Public,MPR,"Russia, Tatarstan",2011,1.51
Captopril,Private,MPR,"Russia, Tatarstan",2011,1.35
Captopril,Public,MPR,"Russia, Tatarstan",2011,0.62
Ceftriaxone,Private,MPR,"Russia, Tatarstan",2011,1.07
Ceftriaxone,Public,MPR,"Russia, Tatarstan",2011,0.63
Ciprofloxacin,Private,MPR,"Russia, Tatarstan",2011,3.82
Ciprofloxacin,Public,MPR,"Russia, Tatarstan",2011,2.64
Co-trimoxazole,Private,MPR,"Russia, Tatarstan",2011,13.22
Co-trimoxazole,Public,MPR,"Russia, Tatarstan",2011,4.12
Diclofenac,Private,MPR,"Russia, Tatarstan",2011,10.89
Diclofenac,Public,MPR,"Russia, Tatarstan",2011,6.28
Glibenclamide,Private,MPR,"Russia, Tatarstan",2011,11.48
Glibenclamide,Public,MPR,"Russia, Tatarstan",2011,11.33
Omeprazole,Private,MPR,"Russia, Tatarstan",2011,1.55
Omeprazole,Public,MPR,"Russia, Tatarstan",2011,0.97
Paracetamol,Private,MPR,"Russia, Tatarstan",2011,4.12
Paracetamol,Public,MPR,"Russia, Tatarstan",2011,4.12
Salbutamol,Private,MPR,"Russia, Tatarstan",2011,2.68
Salbutamol,Public,MPR,"Russia, Tatarstan",2011,2.43
Simvastatin,Private,MPR,"Russia, Tatarstan",2011,7.37
Simvastatin,Public,MPR,"Russia, Tatarstan",2011,2.81
Amoxicillin,Private,MPR,São Tomé and Príncipe,2008,2.94
Amoxicillin,Public,MPR,São Tomé and Príncipe,2008,1.24
Atenolol,Private,MPR,São Tomé and Príncipe,2008,10.68
Atenolol,Public,MPR,São Tomé and Príncipe,2008,2.14
Captopril,Private,MPR,São Tomé and Príncipe,2008,10.92
Captopril,Public,MPR,São Tomé and Príncipe,2008,1.2
Ceftriaxone,Private,MPR,São Tomé and Príncipe,2008,0.23
Ceftriaxone,Public,MPR,São Tomé and Príncipe,2008,0.7
Ciprofloxacin,Private,MPR,São Tomé and Príncipe,2008,107.51
Ciprofloxacin,Public,MPR,São Tomé and Príncipe,2008,2.78
Co-trimoxazole,Private,MPR,São Tomé and Príncipe,2008,8.6
Co-trimoxazole,Public,MPR,São Tomé and Príncipe,2008,1.89
Diazepam,Private,MPR,São Tomé and Príncipe,2008,26.98
Diazepam,Public,MPR,São Tomé and Príncipe,2008,5.27
Diclofenac,Private,MPR,São Tomé and Príncipe,2008,91.75
Glibenclamide,Private,MPR,São Tomé and Príncipe,2008,36.22
Glibenclamide,Public,MPR,São Tomé and Príncipe,2008,2.59
Omeprazole,Private,MPR,São Tomé and Príncipe,2008,40.48
Omeprazole,Public,MPR,São Tomé and Príncipe,2008,0.67
Paracetamol,Private,MPR,São Tomé and Príncipe,2008,14.73
Paracetamol,Public,MPR,São Tomé and Príncipe,2008,4.07
Salbutamol,Public,MPR,São Tomé and Príncipe,2008,1.4
Simvastatin,Private,MPR,São Tomé and Príncipe,2008,46.49
Amitriptyline,Private,MPR,"South Africa, Gauteng Province",2004,18.69
Atenolol,Private,MPR,"South Africa, Gauteng Province",2004,19.33
Captopril,Private,MPR,"South Africa, Gauteng Province",2004,2.94
Ciprofloxacin,Private,MPR,"South Africa, Gauteng Province",2004,16.45
Co-trimoxazole,Private,MPR,"South Africa, Gauteng Province",2004,3.38
Diazepam,Private,MPR,"South Africa, Gauteng Province",2004,6.77
Glibenclamide,Private,MPR,"South Africa, Gauteng Province",2004,12.58
Omeprazole,Private,MPR,"South Africa, Gauteng Province",2004,4.49
Salbutamol,Private,MPR,"South Africa, Gauteng Province",2004,1.92
Amitriptyline,Private,MPR,Sudan,2013,7.69
Amitriptyline,Public,MPR,Sudan,2013,7.69
Amoxicillin,Private,MPR,Sudan,2013,3.01
Amoxicillin,Public,MPR,Sudan,2013,3.01
Atenolol,Private,MPR,Sudan,2013,3.02
Atenolol,Public,MPR,Sudan,2013,4.02
Captopril,Private,MPR,Sudan,2013,6.9
Captopril,Public,MPR,Sudan,2013,6.9
Ceftriaxone,Private,MPR,Sudan,2013,3.5
Ceftriaxone,Public,MPR,Sudan,2013,12.96
Ciprofloxacin,Private,MPR,Sudan,2013,4.69
Ciprofloxacin,Public,MPR,Sudan,2013,4.69
Co-trimoxazole,Private,MPR,Sudan,2013,2.41
Co-trimoxazole,Public,MPR,Sudan,2013,2.01
Diazepam,Private,MPR,Sudan,2013,5.22
Diazepam,Public,MPR,Sudan,2013,4.69
Diclofenac,Private,MPR,Sudan,2013,27.13
Diclofenac,Public,MPR,Sudan,2013,29.3
Glibenclamide,Private,MPR,Sudan,2013,5.49
Glibenclamide,Public,MPR,Sudan,2013,3.66
Omeprazole,Private,MPR,Sudan,2013,6.03
Omeprazole,Public,MPR,Sudan,2013,6.46
Paracetamol,Private,MPR,Sudan,2013,3.13
Paracetamol,Public,MPR,Sudan,2013,2.5
Salbutamol,Private,MPR,Sudan,2013,1.21
Salbutamol,Public,MPR,Sudan,2013,1.35
Simvastatin,Private,MPR,Sudan,2013,2.07
Simvastatin,Public,MPR,Sudan,2013,2.17
Amitriptyline,Private,MPR,Syria,2003,3.88
Atenolol,Private,MPR,Syria,2003,4.97
Captopril,Private,MPR,Syria,2003,2.57
Ceftriaxone,Private,MPR,Syria,2003,1.01
Ciprofloxacin,Private,MPR,Syria,2003,1.96
Co-trimoxazole,Private,MPR,Syria,2003,1.62
Diazepam,Private,MPR,Syria,2003,6.36
Glibenclamide,Private,MPR,Syria,2003,2.51
Omeprazole,Private,MPR,Syria,2003,1.49
Salbutamol,Private,MPR,Syria,2003,1.17
Amitriptyline,Private,MPR,Tajikistan,2013,4.2
Amitriptyline,Public,MPR,Tajikistan,2013,5.6
Amoxicillin,Private,MPR,Tajikistan,2013,2.63
Amoxicillin,Public,MPR,Tajikistan,2013,2.63
Atenolol,Private,MPR,Tajikistan,2013,1.37
Atenolol,Public,MPR,Tajikistan,2013,1.38
Captopril,Private,MPR,Tajikistan,2013,1.45
Captopril,Public,MPR,Tajikistan,2013,1.81
Ceftriaxone,Private,MPR,Tajikistan,2013,1.12
Ceftriaxone,Public,MPR,Tajikistan,2013,1.12
Ciprofloxacin,Private,MPR,Tajikistan,2013,2.88
Ciprofloxacin,Public,MPR,Tajikistan,2013,3.2
Co-trimoxazole,Private,MPR,Tajikistan,2013,3.29
Co-trimoxazole,Public,MPR,Tajikistan,2013,3.71
Diazepam,Private,MPR,Tajikistan,2013,23.13
Diclofenac,Private,MPR,Tajikistan,2013,5.62
Diclofenac,Public,MPR,Tajikistan,2013,3.75
Glibenclamide,Private,MPR,Tajikistan,2013,5
Glibenclamide,Public,MPR,Tajikistan,2013,5
Omeprazole,Private,MPR,Tajikistan,2013,1.24
Omeprazole,Public,MPR,Tajikistan,2013,1.24
Paracetamol,Private,MPR,Tajikistan,2013,2.56
Paracetamol,Public,MPR,Tajikistan,2013,2.56
Salbutamol,Private,MPR,Tajikistan,2013,1.99
Salbutamol,Public,MPR,Tajikistan,2013,1.94
Simvastatin,Private,MPR,Tajikistan,2013,5.05
Simvastatin,Public,MPR,Tajikistan,2013,8.45
Amitriptyline,Private,MPR,Tanzania,2012,6.44
Amitriptyline,Public,MPR,Tanzania,2012,2.15
Atenolol,Private,MPR,Tanzania,2012,6.32
Atenolol,Public,MPR,Tanzania,2012,4.21
Captopril,Private,MPR,Tanzania,2012,5.55
Captopril,Public,MPR,Tanzania,2012,4.44
Ceftriaxone,Private,MPR,Tanzania,2012,0.2
Ceftriaxone,Public,MPR,Tanzania,2012,0.54
Ciprofloxacin,Private,MPR,Tanzania,2012,3.93
Ciprofloxacin,Public,MPR,Tanzania,2012,3.93
Co-trimoxazole,Private,MPR,Tanzania,2012,2.08
Co-trimoxazole,Public,MPR,Tanzania,2012,1.58
Diazepam,Private,MPR,Tanzania,2012,5.46
Diazepam,Public,MPR,Tanzania,2012,2.18
Diclofenac,Private,MPR,Tanzania,2012,5.75
Diclofenac,Public,MPR,Tanzania,2012,5.75
Glibenclamide,Private,MPR,Tanzania,2012,15.34
Glibenclamide,Public,MPR,Tanzania,2012,15.34
Omeprazole,Private,MPR,Tanzania,2012,2.53
Omeprazole,Public,MPR,Tanzania,2012,2.53
Salbutamol,Private,MPR,Tanzania,2012,1.49
Salbutamol,Public,MPR,Tanzania,2012,1.12
Simvastatin,Private,MPR,Tanzania,2012,8.12
Amitriptyline,Private,MPR,Thailand,2006,5.4
Amitriptyline,Public,MPR,Thailand,2006,4.05
Atenolol,Private,MPR,Thailand,2006,6.02
Atenolol,Public,MPR,Thailand,2006,3.01
Captopril,Public,MPR,Thailand,2006,4.36
Ceftriaxone,Private,MPR,Thailand,2006,1.33
Ceftriaxone,Public,MPR,Thailand,2006,0.68
Ciprofloxacin,Private,MPR,Thailand,2006,5.22
Ciprofloxacin,Public,MPR,Thailand,2006,3.48
Co-trimoxazole,Private,MPR,Thailand,2006,2.98
Co-trimoxazole,Public,MPR,Thailand,2006,1.43
Diazepam,Public,MPR,Thailand,2006,3.15
Glibenclamide,Private,MPR,Thailand,2006,6.79
Glibenclamide,Public,MPR,Thailand,2006,6.79
Omeprazole,Private,MPR,Thailand,2006,2.23
Omeprazole,Public,MPR,Thailand,2006,0.72
Amitriptyline,Public,MPR,Tunisia,2004,free
Amoxicillin,Private,MPR,Tunisia,2004,4.61
Amoxicillin,Public,MPR,Tunisia,2004,free
Atenolol,Private,MPR,Tunisia,2004,15.04
Atenolol,Public,MPR,Tunisia,2004,free
Captopril,Private,MPR,Tunisia,2004,6.82
Captopril,Public,MPR,Tunisia,2004,free
Ceftriaxone,Private,MPR,Tunisia,2004,1.15
Ceftriaxone,Public,MPR,Tunisia,2004,free
Ciprofloxacin,Private,MPR,Tunisia,2004,22.15
Ciprofloxacin,Public,MPR,Tunisia,2004,free
Co-trimoxazole,Private,MPR,Tunisia,2004,6.42
Co-trimoxazole,Public,MPR,Tunisia,2004,free
Diazepam,Private,MPR,Tunisia,2004,7.25
Diazepam,Public,MPR,Tunisia,2004,free
Glibenclamide,Private,MPR,Tunisia,2004,6.99
Glibenclamide,Public,MPR,Tunisia,2004,free
Omeprazole,Private,MPR,Tunisia,2004,6.83
Omeprazole,Public,MPR,Tunisia,2004,free
Salbutamol,Public,MPR,Tunisia,2004,free
Amitriptyline,Private,MPR,Uganda,2013,5.58
Amitriptyline,Public,MPR,Uganda,2013,free
Ceftriaxone,Private,MPR,Uganda,2013,1.39
Ceftriaxone,Public,MPR,Uganda,2013,free
Ciprofloxacin,Private,MPR,Uganda,2013,2.07
Ciprofloxacin,Public,MPR,Uganda,2013,free
Co-trimoxazole,Private,MPR,Uganda,2013,2.39
Co-trimoxazole,Public,MPR,Uganda,2013,free
Diazepam,Private,MPR,Uganda,2013,6.2
Diazepam,Public,MPR,Uganda,2013,free
Diclofenac,Private,MPR,Uganda,2013,3.01
Diclofenac,Public,MPR,Uganda,2013,free
Glibenclamide,Private,MPR,Uganda,2013,9.3
Glibenclamide,Public,MPR,Uganda,2013,free
Omeprazole,Private,MPR,Uganda,2013,3.23
Omeprazole,Public,MPR,Uganda,2013,free
Salbutamol,Private,MPR,Uganda,2013,1.29
Salbutamol,Public,MPR,Uganda,2013,free
Amitriptyline,Public,MPR,Ukraine,2012,5.95
Amoxicillin,Private,MPR,Ukraine,2012,4.38
Amoxicillin,Public,MPR,Ukraine,2012,4.62
Atenolol,Private,MPR,Ukraine,2012,2.97
Atenolol,Public,MPR,Ukraine,2012,2.57
Captopril,Private,MPR,Ukraine,2012,3.85
Captopril,Public,MPR,Ukraine,2012,3.65
Ceftriaxone,Private,MPR,Ukraine,2012,1.14
Ceftriaxone,Public,MPR,Ukraine,2012,1.18
Ciprofloxacin,Private,MPR,Ukraine,2012,2.74
Ciprofloxacin,Public,MPR,Ukraine,2012,3.01
Co-trimoxazole,Private,MPR,Ukraine,2012,8.57
Co-trimoxazole,Public,MPR,Ukraine,2012,8.52
Diazepam,Public,MPR,Ukraine,2012,6.31
Diclofenac,Private,MPR,Ukraine,2012,4.27
Diclofenac,Public,MPR,Ukraine,2012,4.66
Glibenclamide,Private,MPR,Ukraine,2012,5.16
Glibenclamide,Public,MPR,Ukraine,2012,5.66
Omeprazole,Private,MPR,Ukraine,2012,2
Omeprazole,Public,MPR,Ukraine,2012,2.25
Paracetamol,Private,MPR,Ukraine,2012,2.99
Paracetamol,Public,MPR,Ukraine,2012,3.11
Salbutamol,Private,MPR,Ukraine,2012,1.55
Salbutamol,Public,MPR,Ukraine,2012,1.56
Simvastatin,Private,MPR,Ukraine,2012,4.1
Simvastatin,Public,MPR,Ukraine,2012,4.27
Amitriptyline,Public,MPR,United Arab Emirates,2006,free
Atenolol,Private,MPR,United Arab Emirates,2006,20.13
Atenolol,Public,MPR,United Arab Emirates,2006,free
Captopril,Private,MPR,United Arab Emirates,2006,11.94
Captopril,Public,MPR,United Arab Emirates,2006,free
Ceftriaxone,Private,MPR,United Arab Emirates,2006,11.19
Ceftriaxone,Public,MPR,United Arab Emirates,2006,free
Ciprofloxacin,Private,MPR,United Arab Emirates,2006,51.73
Ciprofloxacin,Public,MPR,United Arab Emirates,2006,free
Co-trimoxazole,Private,MPR,United Arab Emirates,2006,5.52
Co-trimoxazole,Public,MPR,United Arab Emirates,2006,free
Diazepam,Private,MPR,United Arab Emirates,2006,13.75
Diazepam,Public,MPR,United Arab Emirates,2006,free
Glibenclamide,Private,MPR,United Arab Emirates,2006,27.6
Glibenclamide,Public,MPR,United Arab Emirates,2006,free
Omeprazole,Private,MPR,United Arab Emirates,2006,20.8
Omeprazole,Public,MPR,United Arab Emirates,2006,free
Salbutamol,Private,MPR,United Arab Emirates,2006,2.78
Salbutamol,Public,MPR,United Arab Emirates,2006,free
Simvastatin,Private,MPR,United Arab Emirates,2006,1.19
Simvastatin,Public,MPR,United Arab Emirates,2006,free
Amitriptyline,Private,MPR,Uzbekistan,2004,3.29
Atenolol,Private,MPR,Uzbekistan,2004,2.47
Captopril,Private,MPR,Uzbekistan,2004,1.76
Ceftriaxone,Private,MPR,Uzbekistan,2004,0.81
Ciprofloxacin,Private,MPR,Uzbekistan,2004,3.23
Co-trimoxazole,Private,MPR,Uzbekistan,2004,4.21
Diclofenac,Private,MPR,Uzbekistan,2004,3.87
Glibenclamide,Private,MPR,Uzbekistan,2004,4.29
Omeprazole,Private,MPR,Uzbekistan,2004,0.64
Salbutamol,Private,MPR,Uzbekistan,2004,0.98
Amitriptyline,Private,MPR,Yemen,2006,11.19
Atenolol,Private,MPR,Yemen,2006,5.75
Captopril,Private,MPR,Yemen,2006,3.48
Captopril,Public,MPR,Yemen,2006,0.86
Ceftriaxone,Private,MPR,Yemen,2006,2.76
Ceftriaxone,Public,MPR,Yemen,2006,2.33
Ciprofloxacin,Private,MPR,Yemen,2006,5.33
Co-trimoxazole,Private,MPR,Yemen,2006,2.28
Co-trimoxazole,Public,MPR,Yemen,2006,1.3
Diazepam,Private,MPR,Yemen,2006,8.13
Glibenclamide,Private,MPR,Yemen,2006,8.76
Omeprazole,Private,MPR,Yemen,2006,1.7
Salbutamol,Private,MPR,Yemen,2006,1.05
Amitriptyline,Private,MPR,Spain,2015,5.21769242288
Amitriptyline,Public,MPR,Spain,2015,0.521769242288
Amoxicillin,Private,MPR,Spain,2015,4.48518668423
Amoxicillin,Public,MPR,Spain,2015,1.79407467369
Atenolol,Private,MPR,Spain,2015,3.96571591007
Atenolol,Public,MPR,Spain,2015,0.396571591007
Captopril,Private,MPR,Spain,2015,4.5885536255
Captopril,Public,MPR,Spain,2015,0.45885536255
Ceftriaxone,Private,MPR,Spain,2015,11.5800251853
Ceftriaxone,Public,MPR,Spain,2015,4.63201007413
Ciprofloxacin,Private,MPR,Spain,2015,4.26052880302
Ciprofloxacin,Public,MPR,Spain,2015,1.70421152121
Co-trimoxazole,Private,MPR,Spain,2015,4.27214911122
Co-trimoxazole,Public,MPR,Spain,2015,1.70885964449
Diazepam,Private,MPR,Spain,2015,3.50965858041
Diazepam,Public,MPR,Spain,2015,1.40386343217
Diclofenac,Private,MPR,Spain,2015,7.2386708221
Diclofenac,Public,MPR,Spain,2015,2.89546832884
Glibenclamide,Private,MPR,Spain,2015,10.2810297122
Glibenclamide,Public,MPR,Spain,2015,1.02810297122
Omeprazole,Private,MPR,Spain,2015,4.55714219429
Omeprazole,Public,MPR,Spain,2015,1.82285687771
Paracetamol,Private,MPR,Spain,2015,2.33299043799
Paracetamol,Public,MPR,Spain,2015,0.933196175198
Salbutamol,Private,MPR,Spain,2015,1.66194741666
Salbutamol,Public,MPR,Spain,2015,0.166194741666
Simvastatin,Private,MPR,Spain,2015,2.69678324963
Simvastatin,Public,MPR,Spain,2015,1.07871329985
Amitriptyline,Private,MPR,Germany,2015,23.3883647799
Amitriptyline,Public,MPR,Germany,2015,7.01931716083
Amoxicillin,Private,MPR,Germany,2015,25.6193863403
Amoxicillin,Public,MPR,Germany,2015,8.97037336847
Atenolol,Private,MPR,Germany,2015,25.6788036609
Atenolol,Public,MPR,Germany,2015,9.51771818417
Captopril,Private,MPR,Germany,2015,18.5465957872
Captopril,Public,MPR,Germany,2015,7.79924128981
Ceftriaxone,Private,MPR,Germany,2015,57.957358341
Ceftriaxone,Public,MPR,Germany,2015,9.53873573749
Ciprofloxacin,Private,MPR,Germany,2015,33.7733269709
Ciprofloxacin,Public,MPR,Germany,2015,13.4340998293
Co-trimoxazole,Private,MPR,Germany,2015,28.7158888713
Co-trimoxazole,Public,MPR,Germany,2015,11.0106935856
Diazepam,Private,MPR,Germany,2015,33.7488769093
Diazepam,Public,MPR,Germany,2015,14.0386343217
Diclofenac,Private,MPR,Germany,2015,24.1639993261
Diclofenac,Public,MPR,Germany,2015,8.77414645103
Glibenclamide,Private,MPR,Germany,2015,27.4905794478
Glibenclamide,Public,MPR,Germany,2015,6.9843951849
Omeprazole,Private,MPR,Germany,2015,21.4951483886
Omeprazole,Public,MPR,Germany,2015,8.78787750964
Paracetamol,Private,MPR,Germany,2015,12.5059138595
Paracetamol,Public,MPR,Germany,2015,12.5059138595
Salbutamol,Private,MPR,Germany,2015,8.0431448356
Salbutamol,Public,MPR,Germany,2015,2.83608774175
Simvastatin,Private,MPR,Germany,2015,18.9889953037
Simvastatin,Public,MPR,Germany,2015,7.96518259385
Amitriptyline,Private,MPR,Argentina,2015,17.6327298898
Amitriptyline,Public,MPR,Argentina,2015,10.5788075071
Amoxicillin,Private,MPR,Argentina,2015,6.06932988963
Amoxicillin,Public,MPR,Argentina,2015,3.64159793378
Atenolol,Private,MPR,Argentina,2015,4.40079308109
Atenolol,Public,MPR,Argentina,2015,1.31992514586
Ceftriaxone,Private,MPR,Argentina,2015,10.7827123498
Ceftriaxone,Public,MPR,Argentina,2015,6.46962740989
Ciprofloxacin,Private,MPR,Argentina,2015,15.2231676109
Ciprofloxacin,Public,MPR,Argentina,2015,9.13390056652
Co-trimoxazole,Private,MPR,Argentina,2015,6.68900677693
Co-trimoxazole,Public,MPR,Argentina,2015,4.01340406616
Diazepam,Private,MPR,Argentina,2015,12.1436084814
Diazepam,Public,MPR,Argentina,2015,7.28616508886
Diclofenac,Private,MPR,Argentina,2015,12.0515695067
Diclofenac,Public,MPR,Argentina,2015,7.23094170404
Glibenclamide,Private,MPR,Argentina,2015,8.37588065871
Glibenclamide,Public,MPR,Argentina,2015,2.51193790225
Omeprazole,Private,MPR,Argentina,2015,7.05234686769
Omeprazole,Public,MPR,Argentina,2015,4.23140812061
Salbutamol,Private,MPR,Argentina,2015,2.01762965423
Salbutamol,Public,MPR,Argentina,2015,0.703486171016
Simvastatin,Private,MPR,Argentina,2015,7.69568134853
Simvastatin,Public,MPR,Argentina,2015,2.27258181864
Amitriptyline,Private,MPR,Italy,2015,7.52470799641
Amoxicillin,Private,MPR,Italy,2015,8.7909659011
Atenolol,Private,MPR,Italy,2015,10.3172065116
Captopril,Private,MPR,Italy,2015,6.59815813118
Ceftriaxone,Private,MPR,Italy,2015,9.46242585159
Ciprofloxacin,Private,MPR,Italy,2015,30.4058459471
Co-trimoxazole,Private,MPR,Italy,2015,9.44717509645
Diclofenac,Private,MPR,Italy,2015,22.578803534
Glibenclamide,Private,MPR,Italy,2015,16.4272974749
Omeprazole,Private,MPR,Italy,2015,22.8610356358
Salbutamol,Private,MPR,Italy,2015,1.42371604636
Simvastatin,Private,MPR,Italy,2015,9.62649210628
Amoxicillin,Public,MPR,Italy,2015,6.09985389056
Atenolol,Public,MPR,Italy,2015,4.75885909209
Captopril,Public,MPR,Italy,2015,1.55984825796
Ceftriaxone,Public,MPR,Italy,2015,1.9077471475
Ciprofloxacin,Public,MPR,Italy,2015,8.95606655289
Diclofenac,Public,MPR,Italy,2015,7.89673180593
Omeprazole,Public,MPR,Italy,2015,7.53246643684
Salbutamol,Public,MPR,Italy,2015,0.56721754835
Simvastatin,Public,MPR,Italy,2015,3.41364968308
Amitriptyline,Private,MPR,Belgium,2015,10.4559155991
Amoxicillin,Private,MPR,Belgium,2015,14.3596276746
Atenolol,Private,MPR,Belgium,2015,15.2977160363
Captopril,Private,MPR,Belgium,2015,8.97118455521
Ceftriaxone,Private,MPR,Belgium,2015,18.4513508739
Ciprofloxacin,Private,MPR,Belgium,2015,20.2946222857
Co-trimoxazole,Private,MPR,Belgium,2015,13.7628525412
Diazepam,Private,MPR,Belgium,2015,17.4489539599
Diclofenac,Private,MPR,Belgium,2015,14.0118688772
Glibenclamide,Private,MPR,Belgium,2015,26.9938926318
Omeprazole,Private,MPR,Belgium,2015,22.8160508607
Salbutamol,Private,MPR,Belgium,2015,2.99039485174
Simvastatin,Private,MPR,Belgium,2015,14.0790334637
Amitriptyline,Public,MPR,Belgium,2015,1.56098611261
Amoxicillin,Public,MPR,Belgium,2015,1.6122336461
Atenolol,Public,MPR,Belgium,2015,2.80213754872
Captopril,Public,MPR,Belgium,2015,1.18369796215
Ceftriaxone,Public,MPR,Belgium,2015,3.5842069091
Ciprofloxacin,Public,MPR,Belgium,2015,5.0350236762
Co-trimoxazole,Public,MPR,Belgium,2015,2.34306231913
Diazepam,Public,MPR,Belgium,2015,17.4489539599
Diclofenac,Public,MPR,Belgium,2015,2.27083109054
Glibenclamide,Public,MPR,Belgium,2015,0
Omeprazole,Public,MPR,Belgium,2015,10.2347316757
Salbutamol,Public,MPR,Belgium,2015,0.152238283361
Simvastatin,Public,MPR,Belgium,2015,0
Amitriptyline,Private,MPR,Guatemala,2016,58.0431224362
Amoxicillin,Private,MPR,Guatemala,2016,4.83041864893
Atenolol,Private,MPR,Guatemala,2016,16.4486846135
Captopril,Private,MPR,Guatemala,2016,22.9462374875
Ceftriaxone,Private,MPR,Guatemala,2016,5.4876855897
Ciprofloxacin,Private,MPR,Guatemala,2016,3.09148373842
Diazepam,Private,MPR,Guatemala,2016,91.9105844143
Diclofenac,Private,MPR,Guatemala,2016,3.43251303832
Glibenclamide,Private,MPR,Guatemala,2016,3.83332448178
Omeprazole,Private,MPR,Guatemala,2016,10.4653255849
Paracetamol,Private,MPR,Guatemala,2016,1.56067657326
Salbutamol,Private,MPR,Guatemala,2016,2.610586268
Simvastatin,Private,MPR,Guatemala,2016,37.0350543188
